ID_Number	Year of catch	Catch date	Mass
1000003	1940	10.jun.40	20400
1000002	1940	10.jun.40	21800
1000004	1940	12.jun.40	20200
1000005	1940	13.jun.40	16800
1000006	1940	16.jun.40	18100
1000008	1940	17.jun.40	8200
1000007	1940	17.jun.40	14500
1000009	1940	17.jun.40	18100
1000010	1940	18.jun.40	14000
1000011	1940	18.jun.40	18600
1000012	1940	20.jun.40	15000
1000013	1940	22.jun.40	20900
1000014	1940	22.jun.40	22700
1000015	1940	25.jun.40	15900
1000016	1940	27.jun.40	21100
1000017	1940	28.jun.40	15000
1000018	1940	28.jun.40	23100
1000019	1940	30.jun.40	15900
1000020	1940	30.jun.40	18600
1000021	1940	01.jul.40	10900
1000023	1940	03.jul.40	20000
1000022	1940	03.jul.40	20900
1000024	1940	04.jul.40	17700
1000026	1940	05.jul.40	3200
1000025	1940	05.jul.40	11800
1000027	1940	06.jul.40	8200
1000028	1940	06.jul.40	16300
1000029	1940	07.jul.40	18100
1000030	1940	08.jul.40	9000
1000033	1940	09.jul.40	2000
1000032	1940	09.jul.40	3600
1000031	1940	09.jul.40	19100
1000034	1940	11.jul.40	10900
1000036	1940	12.jul.40	8200
1000037	1940	12.jul.40	15000
1000035	1940	12.jul.40	17200
1000039	1940	13.jul.40	14100
1000038	1940	13.jul.40	18100
1000042	1940	15.jul.40	7300
1000040	1940	15.jul.40	7700
1000041	1940	15.jul.40	10900
1000044	1940	16.jul.40	2000
1000043	1940	16.jul.40	9000
1000045	1940	17.jul.40	8200
1000046	1940	17.jul.40	11800
1000047	1940	18.jul.40	6800
1000048	1940	21.jul.40	17700
1000049	1940	22.jul.40	6800
1000050	1940	22.jul.40	16300
1000053	1940	23.jul.40	2000
1000052	1940	23.jul.40	2200
1000051	1940	23.jul.40	14500
1000056	1940	24.jul.40	8200
1000057	1940	24.jul.40	11800
1000055	1940	24.jul.40	14500
1000054	1940	24.jul.40	18100
1000059	1940	25.jul.40	2200
1000058	1940	25.jul.40	11800
1000061	1940	26.jul.40	2000
1000062	1940	26.jul.40	2200
1000060	1940	26.jul.40	4500
1000063	1940	27.jul.40	2200
1000064	1940	27.jul.40	2500
1000065	1940	27.jul.40	7300
1000067	1940	28.jul.40	1800
1000068	1940	28.jul.40	2500
1000066	1940	28.jul.40	7300
1000071	1940	29.jul.40	2700
1000069	1940	29.jul.40	7300
1000070	1940	29.jul.40	11300
1000072	1940	30.jul.40	9500
1000073	1940	30.jul.40	18100
1000074	1940	01.aug.40	20400
1000075	1940	05.aug.40	13200
1000077	1940	07.aug.40	6800
1000076	1940	07.aug.40	11800
1000078	1940	09.aug.40	2200
1000080	1940	12.aug.40	7300
1000079	1940	12.aug.40	9000
1000081	1940	13.aug.40	3600
1000082	1940	14.aug.40	16300
1000083	1940	15.aug.40	7700
1000085	1940	17.aug.40	2200
1000086	1940	17.aug.40	2500
1000084	1940	17.aug.40	8600
1000087	1940	19.aug.40	25900
1000088	1940	21.aug.40	4000
1000090	1940	22.aug.40	2200
1000089	1940	22.aug.40	9000
1000092	1940	22.aug.40	9500
1000091	1940	22.aug.40	10400
1000093	1940	24.aug.40	2500
1000094	1940	24.aug.40	18100
1000095	1940	25.aug.40	1800
1000096	1940	26.aug.40	9500
1000098	1940	26.aug.40	11300
1000097	1940	26.aug.40	18100
1000099	1940	27.aug.40	18100
1000100	1940	28.aug.40	7700
1000101	1940	29.aug.40	9500
1000102	1940	29.aug.40	14500
1000104	1940	30.aug.40	7700
1000103	1940	30.aug.40	18100
1000105	1940	31.aug.40	10400
1000106	1940	31.aug.40	13600
1000107	1940	03.sep.40	2500
1000108	1940	04.sep.40	2700
1000109	1941	12.jun.41	16300
1000110	1941	13.jun.41	11300
1000111	1941	14.jun.41	16300
1000112	1941	19.jun.41	13100
1000113	1941	19.jun.41	14000
1000114	1941	21.jun.41	12700
1000115	1941	24.jun.41	13200
1000116	1941	25.jun.41	14500
1000117	1941	27.jun.41	14500
1000118	1941	04.jul.41	8600
1000119	1941	05.jul.41	8200
1000120	1941	06.jul.41	12900
1000122	1941	06.jul.41	14300
1000121	1941	06.jul.41	14500
1000123	1941	06.jul.41	14500
1000125	1941	07.jul.41	8400
1000124	1941	07.jul.41	11800
1000126	1941	08.jul.41	15900
1000127	1941	09.jul.41	12700
1000128	1941	16.jul.41	9900
1000137	1941	17.jul.41	11100
1000138	1941	20.jul.41	15200
1000139	1941	22.jul.41	11300
1000140	1941	23.jul.41	10000
1000141	1941	24.jul.41	2200
1000142	1941	24.jul.41	11800
1000143	1941	25.jul.41	7700
1000145	1941	26.jul.41	8200
1000144	1941	26.jul.41	16800
1000147	1941	27.jul.41	2300
1000146	1941	27.jul.41	13600
1000148	1941	28.jul.41	1800
1000165	1941	03.aug.41	2300
1000174	1941	04.aug.41	13600
1000185	1941	05.aug.41	2300
1000198	1941	06.aug.41	2700
1000212	1941	07.aug.41	11300
1000306	1941	05.sep.41	11300
1000305	1941	05.sep.41	18100
1000308	1942	05.jun.42	13600
1000309	1942	05.jun.42	18100
1000310	1942	05.jun.42	18100
1000311	1942	05.jun.42	20900
1000312	1942	07.jun.42	20000
1000313	1942	09.jun.42	12200
1000314	1942	09.jun.42	18100
1000315	1942	14.jun.42	9000
1000317	1942	16.jun.42	14100
1000316	1942	16.jun.42	20000
1000321	1942	17.jun.42	11300
1000322	1942	17.jun.42	11800
1000320	1942	17.jun.42	14500
1000319	1942	17.jun.42	19100
1000318	1942	17.jun.42	20000
1000325	1942	19.jun.42	12200
1000324	1942	19.jun.42	14100
1000323	1942	19.jun.42	15400
1000329	1942	21.jun.42	7700
1000327	1942	21.jun.42	9500
1000328	1942	21.jun.42	13200
1000326	1942	21.jun.42	14100
1000330	1942	22.jun.42	10400
1000331	1942	23.jun.42	9100
1000332	1942	25.jun.42	16300
1000333	1942	26.jun.42	14500
1000337	1942	27.jun.42	8600
1000336	1942	27.jun.42	12200
1000335	1942	27.jun.42	21300
1000338	1942	28.jun.42	6800
1000341	1942	29.jun.42	7200
1000342	1942	29.jun.42	7700
1000339	1942	29.jun.42	8200
1000343	1942	29.jun.42	16300
1000340	1942	29.jun.42	17200
1000344	1942	30.jun.42	12700
1000346	1942	01.jul.42	9100
1000351	1942	01.jul.42	10900
1000345	1942	01.jul.42	11300
1000350	1942	01.jul.42	11800
1000347	1942	01.jul.42	12200
1000348	1942	01.jul.42	13200
1000349	1942	01.jul.42	14100
1000352	1942	02.jul.42	8200
1000353	1942	02.jul.42	9500
1000356	1942	03.jul.42	9100
1000358	1942	03.jul.42	9100
1000355	1942	03.jul.42	12700
1000354	1942	03.jul.42	13200
1000357	1942	03.jul.42	13600
1000359	1942	04.jul.42	2300
1000363	1942	05.jul.42	7300
1000361	1942	05.jul.42	9500
1000360	1942	05.jul.42	12200
1000362	1942	05.jul.42	12700
1000364	1942	06.jul.42	16300
1000366	1942	07.jul.42	8200
1000370	1942	07.jul.42	12700
1000365	1942	07.jul.42	13600
1000368	1942	07.jul.42	13600
1000369	1942	07.jul.42	13600
1000367	1942	07.jul.42	15900
1000372	1942	08.jul.42	13600
1000371	1942	08.jul.42	16300
1000373	1942	09.jul.42	13600
1000374	1942	10.jul.42	15000
1000376	1942	11.jul.42	1800
1000375	1942	11.jul.42	12700
1000379	1942	12.jul.42	6400
1000378	1942	12.jul.42	12200
1000377	1942	12.jul.42	13600
1000381	1942	13.jul.42	7700
1000385	1942	13.jul.42	8600
1000382	1942	13.jul.42	9500
1000386	1942	13.jul.42	10900
1000383	1942	13.jul.42	11300
1000380	1942	13.jul.42	11800
1000384	1942	13.jul.42	11800
1000387	1942	14.jul.42	11800
1000388	1942	15.jul.42	18100
1000393	1942	17.jul.42	6800
1000390	1942	17.jul.42	9100
1000391	1942	17.jul.42	9500
1000392	1942	17.jul.42	10900
1000394	1942	18.jul.42	17200
1000395	1942	19.jul.42	20400
1000396	1942	20.jul.42	11800
1000398	1942	21.jul.42	7200
1000399	1942	22.jul.42	9500
1000402	1942	22.jul.42	10400
1000400	1942	22.jul.42	11300
1000401	1942	22.jul.42	15000
1000405	1942	23.jul.42	17200
1000406	1942	24.jul.42	4100
1000407	1942	24.jul.42	9100
1000409	1942	25.jul.42	7300
1000408	1942	25.jul.42	9500
1000410	1942	26.jul.42	8200
1000411	1942	27.jul.42	8200
1000412	1942	29.jul.42	8200
1000414	1942	29.jul.42	8200
1000416	1942	30.jul.42	9500
1000415	1942	30.jul.42	13600
1000417	1942	31.jul.42	10400
1000420	1942	01.aug.42	2700
1000419	1942	01.aug.42	7700
1000418	1942	01.aug.42	11800
1000423	1942	02.aug.42	2700
1000422	1942	02.aug.42	3200
1000421	1942	02.aug.42	10000
1000425	1942	03.aug.42	9500
1000424	1942	03.aug.42	12200
1000426	1942	06.aug.42	8200
1000427	1942	08.aug.42	8200
1000432	1942	15.aug.42	16800
1000433	1942	15.aug.42	17200
1000438	1942	18.aug.42	8600
1000440	1942	20.aug.42	2300
1000441	1942	21.aug.42	13600
1000445	1942	24.aug.42	3600
1000447	1942	25.aug.42	20400
1000448	1942	29.aug.42	13600
1000452	1942	02.sep.42	15000
1000458	1943	01.jun.43	11300
1000459	1943	01.jun.43	12700
1000460	1943	04.jun.43	14500
1000461	1943	04.jun.43	15000
1000462	1943	05.jun.43	13600
1000463	1943	08.jun.43	18100
1000465	1943	10.jun.43	15000
1000464	1943	10.jun.43	15900
1000466	1943	18.jun.43	20000
1000468	1943	20.jun.43	10900
1000469	1943	20.jun.43	11300
1000467	1943	20.jun.43	18100
1000470	1943	27.jun.43	6400
1000471	1943	27.jun.43	10900
1000472	1943	28.jun.43	9100
1000473	1943	29.jun.43	11800
1000474	1943	30.jun.43	11800
1000476	1943	02.jul.43	10900
1000475	1943	02.jul.43	13600
1000478	1943	03.jul.43	13200
1000477	1943	03.jul.43	13600
1000479	1943	04.jul.43	6800
1000480	1943	05.jul.43	6800
1000482	1943	05.jul.43	6800
1000483	1943	05.jul.43	6800
1000481	1943	05.jul.43	9100
1000484	1943	06.jul.43	8200
1000486	1943	07.jul.43	7700
1000485	1943	07.jul.43	14100
1000488	1943	07.jul.43	17200
1000487	1943	07.jul.43	18100
1000491	1943	08.jul.43	6400
1000492	1943	08.jul.43	8200
1000489	1943	08.jul.43	12700
1000493	1943	08.jul.43	14100
1000490	1943	08.jul.43	17700
1000495	1943	09.jul.43	6400
1000494	1943	09.jul.43	7700
1000496	1943	10.jul.43	13200
1000497	1943	11.jul.43	13200
1000498	1943	12.jul.43	8200
1000499	1943	14.jul.43	14100
1000500	1943	15.jul.43	4500
1000503	1943	17.jul.43	10900
1000508	1943	20.jul.43	2200
1000506	1943	20.jul.43	8200
1000510	1943	22.jul.43	8600
1000509	1943	22.jul.43	13600
1000513	1943	23.jul.43	7700
1000511	1943	23.jul.43	10000
1000512	1943	23.jul.43	19300
1000514	1943	24.jul.43	10000
1000516	1943	25.jul.43	9100
1000515	1943	25.jul.43	13600
1000518	1943	26.jul.43	5400
1000517	1943	26.jul.43	9100
1000524	1943	27.jul.43	10900
1000523	1943	27.jul.43	12200
1000525	1943	28.jul.43	11800
1000526	1943	29.jul.43	9100
1000531	1943	30.jul.43	10900
1000530	1943	30.jul.43	20400
1000533	1943	31.jul.43	12200
1000539	1943	01.aug.43	17200
1000541	1943	04.aug.43	10400
1000542	1943	04.aug.43	11800
1000540	1943	04.aug.43	12200
1000543	1943	05.aug.43	8600
1000545	1943	06.aug.43	7700
1000544	1943	06.aug.43	10400
1000546	1943	07.aug.43	8200
1000549	1943	08.aug.43	6800
1000550	1943	08.aug.43	7300
1000548	1943	08.aug.43	13200
1000547	1943	08.aug.43	17200
1000551	1943	09.aug.43	8200
1000552	1943	10.aug.43	8200
1000553	1943	10.aug.43	12700
1000554	1943	11.aug.43	14500
1000555	1943	12.aug.43	6300
1000556	1943	13.aug.43	8200
1000557	1943	14.aug.43	7700
1000558	1943	15.aug.43	12700
1000559	1943	18.aug.43	8200
1000560	1943	20.aug.43	13600
1000561	1943	21.aug.43	12200
1000562	1943	29.aug.43	12700
1000563	1943	31.aug.43	2300
1000564	1943	05.sep.43	10400
1000565	1943	07.sep.43	9500
1000566	1943	13.sep.43	20400
1000568	1944	06.jun.44	11800
1000570	1944	08.jun.44	10000
1000571	1944	08.jun.44	15400
1000569	1944	08.jun.44	17200
1000572	1944	10.jun.44	19500
1000573	1944	12.jun.44	6600
1000574	1944	13.jun.44	21300
1000575	1944	17.jun.44	10900
1000576	1944	18.jun.44	10900
1000578	1944	20.jun.44	12900
1000579	1944	20.jun.44	20000
1000580	1944	22.jun.44	15400
1000581	1944	24.jun.44	12900
1000582	1944	26.jun.44	14100
1000583	1944	27.jun.44	12700
1000585	1944	28.jun.44	14100
1000584	1944	28.jun.44	15400
1000586	1944	29.jun.44	22700
1000587	1944	30.jun.44	18100
1000588	1944	02.jul.44	9100
1000589	1944	04.jul.44	13200
1000590	1944	06.jul.44	17200
1000592	1944	10.jul.44	10000
1000591	1944	10.jul.44	12900
1000594	1944	11.jul.44	14100
1000593	1944	11.jul.44	16300
1000597	1944	15.jul.44	6300
1000600	1944	15.jul.44	11800
1000601	1944	15.jul.44	11800
1000598	1944	15.jul.44	12200
1000599	1944	15.jul.44	15900
1000602	1944	16.jul.44	8200
1000603	1944	16.jul.44	8200
1000604	1944	17.jul.44	7200
1000605	1944	18.jul.44	7200
1000606	1944	18.jul.44	15900
1000610	1944	19.jul.44	11800
1000609	1944	19.jul.44	13600
1000608	1944	19.jul.44	18100
1000611	1944	20.jul.44	12700
1000612	1944	21.jul.44	14100
1000614	1944	22.jul.44	7200
1000613	1944	22.jul.44	7700
1000615	1944	22.jul.44	12700
1000619	1944	23.jul.44	7200
1000618	1944	23.jul.44	12700
1000620	1944	24.jul.44	5400
1000622	1944	24.jul.44	16300
1000621	1944	24.jul.44	17500
1000625	1944	25.jul.44	11300
1000624	1944	25.jul.44	12200
1000623	1944	25.jul.44	16300
1000628	1944	26.jul.44	9100
1000626	1944	26.jul.44	10000
1000627	1944	26.jul.44	12700
1000629	1944	29.jul.44	11800
1000630	1944	30.jul.44	15400
1000631	1944	30.jul.44	15400
1000632	1944	31.jul.44	13600
1000633	1944	31.jul.44	14100
1000634	1944	02.aug.44	14100
1000635	1944	04.aug.44	12900
1000636	1944	05.aug.44	9500
1000637	1944	06.aug.44	13600
1000638	1944	07.aug.44	13600
1000639	1944	09.aug.44	11800
1000642	1944	12.aug.44	12200
1000645	1944	16.aug.44	9100
1000649	1944	18.aug.44	17200
1000653	1944	28.aug.44	10900
1000654	1944	28.aug.44	14100
1000655	1944	29.aug.44	12700
1000656	1944	29.aug.44	13200
1000660	1944	30.aug.44	11800
1000661	1944	31.aug.44	10400
1000662	1944	31.aug.44	10900
1000664	1944	01.sep.44	7300
1000665	1944	01.sep.44	8200
1000667	1944	01.sep.44	12700
1000669	1944	02.sep.44	8200
1000670	1944	02.sep.44	12700
1000671	1944	02.sep.44	19100
1000668	1944	02.sep.44	19500
1000677	1945	02.jun.45	11800
1000678	1945	04.jun.45	12700
1000679	1945	04.jun.45	14500
1000680	1945	04.jun.45	20000
1000682	1945	06.jun.45	12700
1000681	1945	06.jun.45	20000
1000683	1945	08.jun.45	15400
1000684	1945	10.jun.45	11800
1000685	1945	10.jun.45	26500
1000687	1945	12.jun.45	12500
1000686	1945	12.jun.45	12900
1000688	1945	12.jun.45	22700
1000689	1945	15.jun.45	8200
1000691	1945	16.jun.45	10400
1000690	1945	16.jun.45	12700
1000692	1945	16.jun.45	13800
1000694	1945	18.jun.45	13600
1000695	1945	18.jun.45	15900
1000693	1945	18.jun.45	20000
1000697	1945	20.jun.45	13200
1000696	1945	20.jun.45	21300
1000699	1945	22.jun.45	11800
1000698	1945	22.jun.45	19100
1000700	1945	23.jun.45	10900
1000704	1945	24.jun.45	9100
1000702	1945	24.jun.45	11800
1000701	1945	24.jun.45	13600
1000703	1945	24.jun.45	13600
1000705	1945	26.jun.45	13600
1000706	1945	27.jun.45	1800
1000708	1945	29.jun.45	15900
1000709	1945	29.jun.45	21100
1000712	1945	30.jun.45	12700
1000710	1945	30.jun.45	16300
1000711	1945	30.jun.45	18100
1000714	1945	03.jul.45	1400
1000715	1945	03.jul.45	7300
1000718	1945	03.jul.45	12700
1000716	1945	03.jul.45	14500
1000713	1945	03.jul.45	15900
1000722	1945	05.jul.45	13600
1000721	1945	05.jul.45	14500
1000719	1945	05.jul.45	19100
1000720	1945	05.jul.45	20900
1000725	1945	06.jul.45	11800
1000723	1945	06.jul.45	15000
1000724	1945	06.jul.45	17200
1000726	1945	07.jul.45	9600
1000727	1945	09.jul.45	17700
1000728	1945	11.jul.45	11800
1000729	1945	12.jul.45	1800
1000732	1945	12.jul.45	13600
1000730	1945	12.jul.45	14100
1000731	1945	12.jul.45	14100
1000733	1945	13.jul.45	13200
1000736	1945	14.jul.45	2700
1000735	1945	14.jul.45	11800
1000734	1945	14.jul.45	18600
1000737	1945	15.jul.45	14100
1000738	1945	16.jul.45	1400
1000739	1945	18.jul.45	900
1000741	1945	18.jul.45	11300
1000740	1945	18.jul.45	20900
1000742	1945	19.jul.45	4500
1000743	1945	21.jul.45	11300
1000744	1945	22.jul.45	700
1000745	1945	23.jul.45	22700
1000746	1945	25.jul.45	16300
1000752	1945	29.jul.45	4500
1000754	1945	19.aug.45	7500
1000756	1946	07.jun.46	12200
1000758	1946	12.jun.46	16300
1000757	1946	12.jun.46	18100
1000759	1946	15.jun.46	15900
1000760	1946	19.jun.46	13600
1000762	1946	20.jun.46	11800
1000761	1946	20.jun.46	16300
1000763	1946	21.jun.46	11300
1000764	1946	23.jun.46	7300
1000767	1946	25.jun.46	9100
1000766	1946	25.jun.46	12200
1000765	1946	25.jun.46	16300
1000768	1946	01.jul.46	7300
1000769	1946	01.jul.46	12700
1000770	1946	02.jul.46	7300
1000771	1946	03.jul.46	10900
1000774	1946	04.jul.46	2300
1000772	1946	04.jul.46	6800
1000773	1946	04.jul.46	11300
1000775	1946	07.jul.46	12200
1000776	1946	09.jul.46	14500
1000787	1946	13.jul.46	2700
1000786	1946	13.jul.46	14100
1000788	1946	16.jul.46	14500
1000791	1946	19.jul.46	1800
1000790	1946	19.jul.46	12700
1000794	1946	20.jul.46	3200
1000796	1946	21.jul.46	16300
1000799	1946	22.jul.46	12200
1000803	1946	23.jul.46	2300
1000802	1946	23.jul.46	8200
1000814	1946	26.jul.46	7700
1000815	1946	27.jul.46	7300
1000816	1946	28.jul.46	2700
1000817	1946	29.jul.46	7300
1000821	1947	11.jun.47	13200
1000822	1947	11.jun.47	16300
1000823	1947	18.jun.47	10900
1000824	1947	18.jun.47	12700
1000827	1947	21.jun.47	18100
1000830	1947	24.jun.47	16300
1000831	1947	26.jun.47	11800
1000832	1947	26.jun.47	11800
1000833	1947	26.jun.47	15000
1000834	1947	29.jun.47	13600
1000835	1947	01.jul.47	15000
1000836	1947	01.jul.47	16300
1000837	1947	02.jul.47	12700
1000839	1947	03.jul.47	9100
1000838	1947	03.jul.47	16300
1000841	1947	04.jul.47	11800
1000840	1947	04.jul.47	16300
1000842	1947	05.jul.47	12200
1000843	1947	06.jul.47	12700
1000844	1947	07.jul.47	12700
1000846	1947	08.jul.47	2700
1000847	1947	08.jul.47	7300
1000845	1947	08.jul.47	13600
1000848	1947	09.jul.47	3900
1000849	1947	09.jul.47	15900
1000853	1947	12.jul.47	6400
1000851	1947	12.jul.47	14100
1000852	1947	12.jul.47	14100
1000850	1947	12.jul.47	15400
1000854	1947	13.jul.47	10400
1000855	1947	13.jul.47	13200
1000857	1947	14.jul.47	11800
1000856	1947	14.jul.47	12200
1000858	1947	15.jul.47	12200
1000861	1947	17.jul.47	10900
1000867	1947	18.jul.47	2000
1000866	1947	18.jul.47	10200
1000871	1947	20.jul.47	2000
1000876	1947	23.jul.47	12200
1000877	1947	24.jul.47	10200
1000878	1947	25.jul.47	6400
1000880	1947	26.jul.47	7000
1000879	1947	26.jul.47	8200
1000881	1947	27.jul.47	12200
1000884	1947	30.jul.47	1100
1000885	1947	31.jul.47	15400
1000887	1947	01.aug.47	2300
1000886	1947	01.aug.47	20400
1000894	1947	06.aug.47	3200
1000896	1947	07.aug.47	10400
1000895	1947	07.aug.47	12700
1000905	1947	13.aug.47	2700
1000906	1947	15.aug.47	2300
1000907	1948	05.jun.48	12200
1000909	1948	07.jun.48	10400
1000908	1948	07.jun.48	12200
1000910	1948	08.jun.48	13200
1000911	1948	12.jun.48	8200
1000912	1948	12.jun.48	10400
1000917	1948	13.jun.48	12700
1000913	1948	13.jun.48	13600
1000916	1948	13.jun.48	13600
1000915	1948	13.jun.48	17700
1000914	1948	13.jun.48	24000
1000918	1948	16.jun.48	14500
1000922	1948	17.jun.48	9600
1000921	1948	17.jun.48	11800
1000925	1948	17.jun.48	11800
1000920	1948	17.jun.48	12700
1000924	1948	17.jun.48	12700
1000919	1948	17.jun.48	14100
1000923	1948	17.jun.48	17200
1000926	1948	19.jun.48	11800
1000927	1948	19.jun.48	18100
1000928	1948	21.jun.48	17700
1000929	1948	23.jun.48	16300
1000930	1948	25.jun.48	11800
1000931	1948	26.jun.48	5400
1000932	1948	27.jun.48	13600
1000933	1948	28.jun.48	1800
1000934	1948	28.jun.48	16300
1000936	1948	29.jun.48	11800
1000935	1948	29.jun.48	21800
1000937	1948	30.jun.48	5400
1000938	1948	01.jul.48	18100
1000939	1948	01.jul.48	22700
1000941	1948	03.jul.48	12200
1000940	1948	03.jul.48	16800
1000942	1948	04.jul.48	18100
1000945	1948	06.jul.48	12700
1000946	1948	07.jul.48	14500
1000947	1948	09.jul.48	11800
1000956	1948	11.jul.48	10400
1000968	1948	13.jul.48	4500
1000964	1948	13.jul.48	8200
1000967	1948	13.jul.48	8200
1000963	1948	13.jul.48	8600
1000962	1948	13.jul.48	10900
1000972	1948	14.jul.48	10900
1000973	1948	14.jul.48	11300
1000974	1948	15.jul.48	9100
1000975	1948	16.jul.48	3200
1000980	1948	16.jul.48	11800
1000990	1948	17.jul.48	11800
1001032	1948	22.jul.48	9100
1001039	1948	23.jul.48	10900
1001052	1948	24.jul.48	11300
1001054	1949	04.jun.49	13600
1001053	1949	04.jun.49	14500
1001055	1949	10.jun.49	15900
1001056	1949	13.jun.49	14100
1001057	1949	15.jun.49	13200
1001059	1949	17.jun.49	13600
1001058	1949	17.jun.49	14100
1001060	1949	17.jun.49	18600
1001061	1949	19.jun.49	13600
1001062	1949	24.jun.49	20000
1001063	1949	25.jun.49	11300
1001065	1949	26.jun.49	12200
1001064	1949	26.jun.49	13600
1001066	1949	27.jun.49	13600
1001068	1949	28.jun.49	12700
1001067	1949	28.jun.49	13600
1001069	1949	29.jun.49	16300
1001070	1949	02.jul.49	7700
1001071	1949	03.jul.49	7700
1001075	1949	06.jul.49	9100
1001076	1949	08.jul.49	13600
1001077	1949	09.jul.49	13600
1001080	1949	11.jul.49	9100
1001082	1949	12.jul.49	2300
1001081	1949	12.jul.49	7300
1001085	1949	12.jul.49	15000
1001086	1949	14.jul.49	13600
1001088	1949	17.jul.49	1800
1001089	1949	17.jul.49	10000
1001087	1949	17.jul.49	11300
1001090	1949	18.jul.49	2300
1001092	1949	18.jul.49	12700
1001091	1949	18.jul.49	15400
1001093	1949	19.jul.49	11800
1001094	1949	20.jul.49	15000
1001096	1949	21.jul.49	2300
1001095	1949	21.jul.49	10900
1001099	1949	22.jul.49	8200
1001100	1949	24.jul.49	6800
1001103	1949	26.jul.49	10900
1001104	1949	27.jul.49	8200
1001109	1949	30.jul.49	3200
1001112	1949	03.aug.49	18100
1001115	1949	05.aug.49	2300
1001118	1949	06.aug.49	17200
1001119	1949	08.aug.49	7700
1001123	1949	09.aug.49	2700
1001130	1949	13.aug.49	12200
1001131	1950	11.jun.50	13200
1001133	1950	13.jun.50	10900
1001134	1950	13.jun.50	11300
1001132	1950	13.jun.50	13600
1001136	1950	14.jun.50	13200
1001135	1950	14.jun.50	16300
1001137	1950	15.jun.50	11300
1001138	1950	15.jun.50	20000
1001139	1950	16.jun.50	19100
1001140	1950	16.jun.50	21800
1001141	1950	23.jun.50	14500
1001142	1950	26.jun.50	2700
1001143	1950	26.jun.50	9600
1001144	1950	26.jun.50	10400
1001145	1950	26.jun.50	14500
1001146	1950	27.jun.50	13200
1001148	1950	28.jun.50	8200
1001147	1950	28.jun.50	21800
1001149	1950	30.jun.50	16800
1001150	1950	01.jul.50	9100
1001151	1950	01.jul.50	10400
1001152	1950	02.jul.50	13200
1001154	1950	02.jul.50	13600
1001153	1950	02.jul.50	14500
1001155	1950	03.jul.50	10400
1001156	1950	03.jul.50	14500
1001158	1950	04.jul.50	10900
1001157	1950	04.jul.50	17200
1001159	1950	05.jul.50	13200
1001160	1950	06.jul.50	2700
1001161	1950	07.jul.50	11300
1001162	1950	09.jul.50	7300
1001163	1950	11.jul.50	12700
1001168	1950	12.jul.50	2700
1001167	1950	12.jul.50	3200
1001166	1950	12.jul.50	8200
1001171	1950	13.jul.50	3200
1001170	1950	13.jul.50	9100
1001169	1950	13.jul.50	10400
1001176	1950	14.jul.50	10000
1001174	1950	14.jul.50	15400
1001177	1950	15.jul.50	8200
1001181	1950	16.jul.50	7700
1001180	1950	16.jul.50	10000
1001179	1950	16.jul.50	13600
1001183	1950	17.jul.50	9100
1001184	1950	18.jul.50	12200
1001185	1950	19.jul.50	3200
1001187	1950	19.jul.50	16800
1001186	1950	19.jul.50	22700
1001188	1950	20.jul.50	9100
1001191	1950	20.jul.50	10400
1001193	1950	22.jul.50	15000
1001194	1950	24.jul.50	7700
1001195	1950	24.jul.50	9600
1001196	1950	25.jul.50	8200
1001197	1950	29.jul.50	6400
1001198	1950	30.jul.50	6800
1001200	1950	31.jul.50	2300
1001199	1950	31.jul.50	2700
1001201	1950	31.jul.50	2700
1001202	1950	02.aug.50	7700
1001203	1950	05.aug.50	6800
1001204	1950	07.aug.50	10900
1001206	1950	09.aug.50	10000
1001207	1950	11.aug.50	11800
1001208	1950	15.aug.50	6800
1001211	1950	18.aug.50	2700
1001212	1950	21.aug.50	6800
1001213	1950	21.aug.50	8200
1001214	1950	22.aug.50	3200
1001215	1950	26.aug.50	9100
1001216	1951	26.jun.51	15400
1001217	1951	26.jun.51	16300
1001218	1951	27.jun.51	13400
1001221	1951	28.jun.51	11800
1001219	1951	28.jun.51	12700
1001220	1951	28.jun.51	15400
1001222	1951	29.jun.51	13200
1001223	1951	30.jun.51	14500
1001224	1951	30.jun.51	15400
1001225	1951	01.jul.51	13200
1001227	1951	02.jul.51	10900
1001230	1951	02.jul.51	13200
1001229	1951	02.jul.51	13400
1001228	1951	02.jul.51	16800
1001226	1951	02.jul.51	24500
1001231	1951	03.jul.51	10900
1001233	1951	05.jul.51	17700
1001235	1951	06.jul.51	11300
1001234	1951	06.jul.51	12700
1001236	1951	06.jul.51	14100
1001237	1951	07.jul.51	14500
1001238	1951	07.jul.51	15400
1001239	1951	08.jul.51	11800
1001240	1951	09.jul.51	10000
1001241	1951	10.jul.51	20000
1001242	1951	11.jul.51	13600
1001243	1952	01.jun.52	24500
1001244	1952	07.jun.52	21300
1001245	1952	11.jun.52	10900
1001246	1952	13.jun.52	18600
1001248	1952	17.jun.52	11800
1001247	1952	17.jun.52	12700
1001250	1952	21.jun.52	12700
1001249	1952	21.jun.52	15400
1001251	1952	21.jun.52	16300
1001252	1952	22.jun.52	12700
1001253	1952	23.jun.52	12900
1001254	1952	26.jun.52	10000
1001255	1952	29.jun.52	10400
1001256	1952	29.jun.52	13400
1001257	1952	30.jun.52	17900
1001258	1952	01.jul.52	12700
1001259	1952	01.jul.52	14300
1001260	1952	12.jul.52	12000
1001263	1952	13.jul.52	9400
1001264	1952	15.jul.52	9400
1001267	1952	15.jul.52	12000
1001265	1952	15.jul.52	12900
1001266	1952	15.jul.52	18100
1001268	1952	16.jul.52	7500
1001271	1952	16.jul.52	9300
1001269	1952	16.jul.52	12900
1001270	1952	16.jul.52	13800
1001272	1952	17.jul.52	8600
1001273	1952	18.jul.52	7500
1001276	1952	18.jul.52	11100
1001275	1952	18.jul.52	12000
1001274	1952	18.jul.52	21100
1001278	1952	19.jul.52	12000
1001277	1952	19.jul.52	12400
1001279	1952	21.jul.52	7700
1001280	1952	23.jul.52	11300
1001281	1952	23.jul.52	12700
1001282	1952	23.jul.52	17700
1001285	1952	24.jul.52	9100
1001284	1952	24.jul.52	13600
1001288	1952	25.jul.52	13600
1001290	1952	26.jul.52	11800
1001304	1952	01.aug.52	8600
1001305	1952	02.aug.52	12200
1001308	1953	21.jun.53	10900
1001307	1953	21.jun.53	11300
1001306	1953	21.jun.53	13600
1001309	1953	22.jun.53	10900
1001310	1953	22.jun.53	10900
1001311	1953	22.jun.53	11300
1001313	1953	23.jun.53	11300
1001314	1953	23.jun.53	11300
1001312	1953	23.jun.53	13600
1001316	1953	26.jun.53	14500
1001315	1953	26.jun.53	18600
1001317	1953	27.jun.53	1400
1001318	1953	27.jun.53	11300
1001319	1953	28.jun.53	14100
1001320	1953	29.jun.53	11800
1001321	1953	29.jun.53	15900
1001322	1953	30.jun.53	13200
1001324	1953	01.jul.53	6800
1001323	1953	01.jul.53	10000
1001325	1953	01.jul.53	16300
1001326	1953	03.jul.53	12200
1001327	1953	04.jul.53	10900
1001329	1953	06.jul.53	7700
1001328	1953	06.jul.53	13200
1001331	1953	08.jul.53	7700
1001330	1953	08.jul.53	12200
1001332	1953	09.jul.53	7300
1001333	1953	09.jul.53	14500
1001334	1953	10.jul.53	7300
1001336	1953	11.jul.53	7300
1001335	1953	11.jul.53	11800
1001338	1953	14.jul.53	9100
1001337	1953	14.jul.53	13600
1001340	1953	16.jul.53	10900
1001339	1953	16.jul.53	11300
1001342	1953	18.jul.53	12200
1001341	1953	18.jul.53	16300
1001343	1953	20.jul.53	6400
1001344	1953	20.jul.53	10900
1001345	1953	20.jul.53	11300
1001346	1953	27.jul.53	10900
1001347	1954	21.jun.54	12700
1001348	1954	21.jun.54	19100
1001349	1954	22.jun.54	9600
1001350	1954	22.jun.54	11800
1001353	1954	24.jun.54	9100
1001352	1954	24.jun.54	10900
1001354	1954	24.jun.54	13200
1001351	1954	24.jun.54	26300
1001355	1954	27.jun.54	7300
1001356	1954	27.jun.54	13200
1001358	1954	28.jun.54	9100
1001357	1954	28.jun.54	14500
1001359	1954	30.jun.54	12200
1001360	1954	30.jun.54	14500
1001365	1954	02.jul.54	6400
1001364	1954	02.jul.54	6800
1001363	1954	02.jul.54	7300
1001362	1954	02.jul.54	12700
1001361	1954	02.jul.54	15400
1001366	1954	03.jul.54	7300
1001367	1954	03.jul.54	7300
1001368	1954	04.jul.54	8200
1001369	1954	05.jul.54	8200
1001370	1954	06.jul.54	6400
1001371	1954	07.jul.54	1800
1001372	1954	08.jul.54	7700
1001374	1954	11.jul.54	2700
1001373	1954	11.jul.54	10400
1001376	1954	12.jul.54	2700
1001375	1954	12.jul.54	6400
1001377	1954	14.jul.54	8200
1001379	1954	15.jul.54	6000
1001380	1954	15.jul.54	8200
1001378	1954	15.jul.54	9100
1001381	1954	15.jul.54	10900
1001383	1954	16.jul.54	2700
1001382	1954	16.jul.54	10000
1001384	1954	17.jul.54	8600
1001385	1954	18.jul.54	10000
1001388	1954	20.jul.54	2900
1001389	1954	20.jul.54	6400
1001386	1954	20.jul.54	7500
1001387	1954	20.jul.54	7500
1001391	1954	21.jul.54	7300
1001392	1954	21.jul.54	8200
1001390	1954	21.jul.54	8600
1001393	1954	21.jul.54	19100
1001394	1954	22.jul.54	6000
1001396	1954	23.jul.54	1100
1001403	1954	23.jul.54	1400
1001399	1954	23.jul.54	6400
1001405	1954	25.jul.54	10000
1001413	1954	30.jul.54	1600
1001419	1954	31.jul.54	7300
1001421	1954	02.aug.54	1400
1001422	1954	02.aug.54	1400
1001423	1954	02.aug.54	1400
1001424	1954	02.aug.54	1400
1001425	1954	02.aug.54	1400
1001428	1954	03.aug.54	1400
1001430	1954	04.aug.54	1400
1001429	1954	04.aug.54	1800
1001431	1954	05.aug.54	13200
1001438	1954	11.aug.54	1400
1001437	1954	11.aug.54	3200
1001440	1954	12.aug.54	1500
1001441	1954	12.aug.54	1500
1001442	1954	12.aug.54	1500
1001443	1954	12.aug.54	1500
1001439	1954	12.aug.54	13200
1001446	1955	29.jun.55	11800
1001447	1955	30.jun.55	1400
1001448	1955	01.jul.55	1400
1001449	1955	02.jul.55	1400
1001450	1955	02.jul.55	1400
1001451	1955	02.jul.55	1400
1001454	1955	03.jul.55	4100
1001453	1955	03.jul.55	10400
1001452	1955	03.jul.55	11800
1001455	1955	04.jul.55	10400
1001456	1955	06.jul.55	18100
1001457	1955	07.jul.55	10400
1001459	1955	11.jul.55	6800
1001458	1955	11.jul.55	10400
1001460	1955	13.jul.55	6800
1001461	1955	16.jul.55	11300
1001463	1955	19.jul.55	10400
1001465	1955	20.jul.55	7700
1001464	1955	20.jul.55	16300
1001466	1955	21.jul.55	10400
1001467	1955	21.jul.55	14500
1001468	1955	22.jul.55	5000
1001472	1955	23.jul.55	6400
1001475	1955	23.jul.55	6400
1001476	1955	23.jul.55	6400
1001474	1955	23.jul.55	10000
1001473	1955	23.jul.55	11300
1001478	1955	25.jul.55	9100
1001477	1955	25.jul.55	11800
1001479	1955	26.jul.55	12200
1001484	1955	27.jul.55	9100
1001485	1955	28.jul.55	6000
1001486	1955	28.jul.55	17200
1001491	1955	29.jul.55	2700
1001487	1955	29.jul.55	5400
1001492	1955	29.jul.55	9600
1001494	1955	30.jul.55	9100
1001495	1955	30.jul.55	10400
1001496	1955	30.jul.55	13600
1001497	1956	25.jun.56	16300
1001498	1956	26.jun.56	5400
1001499	1956	27.jun.56	10900
1001500	1956	28.jun.56	12200
1001503	1956	02.jul.56	9600
1001502	1956	02.jul.56	11300
1001501	1956	02.jul.56	12200
1001507	1956	04.jul.56	6800
1001504	1956	04.jul.56	11300
1001505	1956	04.jul.56	11300
1001509	1956	07.jul.56	5400
1001508	1956	07.jul.56	19500
1001510	1956	08.jul.56	7700
1001511	1956	08.jul.56	10900
1001512	1956	09.jul.56	6800
1001516	1956	10.jul.56	10400
1001514	1956	10.jul.56	12200
1001515	1956	10.jul.56	12200
1001513	1956	10.jul.56	15000
1001518	1956	11.jul.56	6400
1001517	1956	11.jul.56	15000
1001519	1956	12.jul.56	10400
1001522	1956	14.jul.56	2300
1001521	1956	14.jul.56	10000
1001520	1956	14.jul.56	10900
1001523	1956	15.jul.56	6000
1001526	1956	16.jul.56	900
1001525	1956	16.jul.56	2300
1001524	1956	16.jul.56	8200
1001527	1956	18.jul.56	6800
1001528	1956	19.jul.56	2700
1001529	1956	19.jul.56	4100
1001530	1956	21.jul.56	1400
1001531	1956	21.jul.56	7300
1001532	1956	21.jul.56	10400
1001534	1956	22.jul.56	7300
1001533	1956	22.jul.56	13600
1001545	1956	26.jul.56	2700
1001567	1957	05.jul.57	5600
1001566	1957	05.jul.57	13600
1001568	1957	08.jul.57	6400
1001570	1957	09.jul.57	16300
1001571	1957	10.jul.57	2500
1001573	1957	11.jul.57	6000
1001572	1957	11.jul.57	6400
1001577	1957	12.jul.57	7300
1001574	1957	12.jul.57	8600
1001575	1957	12.jul.57	10000
1001576	1957	12.jul.57	16800
1001578	1957	13.jul.57	8200
1001579	1957	13.jul.57	11500
1001580	1957	13.jul.57	12200
1001585	1957	14.jul.57	2300
1001583	1957	14.jul.57	4500
1001581	1957	14.jul.57	6200
1001584	1957	14.jul.57	8600
1001586	1957	16.jul.57	10600
1001587	1957	17.jul.57	6400
1001590	1957	18.jul.57	6600
1001589	1957	18.jul.57	9100
1001588	1957	18.jul.57	11800
1001593	1957	20.jul.57	6800
1001591	1957	20.jul.57	12700
1001592	1957	20.jul.57	14300
1001597	1957	23.jul.57	10700
1001600	1957	24.jul.57	6400
1001599	1957	24.jul.57	12000
1001602	1957	25.jul.57	5400
1001603	1957	25.jul.57	6200
1001604	1957	25.jul.57	6300
1001608	1957	26.jul.57	1800
1001609	1957	26.jul.57	7700
1001611	1957	30.jul.57	9600
1001612	1957	01.aug.57	9400
1001613	1957	01.aug.57	15000
1001615	1957	02.aug.57	2300
1001614	1957	02.aug.57	9100
1001617	1957	03.aug.57	6400
1001618	1957	03.aug.57	6400
1001628	1957	13.aug.57	8600
1001629	1957	14.aug.57	6800
1001662	1966	10.jun.66	11300
1001663	1966	10.jun.66	11800
1001664	1966	11.jun.66	14500
1001665	1966	12.jun.66	13100
1001666	1966	13.jun.66	8000
1001667	1966	14.jun.66	9000
1001668	1966	15.jun.66	10000
1001669	1966	16.jun.66	11300
1001670	1966	16.jun.66	11700
1001671	1966	18.jun.66	11000
1001674	1966	19.jun.66	10400
1001675	1966	19.jun.66	10900
1001673	1966	19.jun.66	11300
1001672	1966	19.jun.66	14500
1001676	1966	20.jun.66	11300
1001677	1966	20.jun.66	17600
1001678	1966	21.jun.66	5000
1001679	1966	21.jun.66	9500
1001680	1966	23.jun.66	8200
1001682	1966	24.jun.66	12500
1001681	1966	24.jun.66	15500
1001683	1966	25.jun.66	3500
1001684	1966	27.jun.66	6800
1001685	1966	27.jun.66	10400
1001686	1966	28.jun.66	7300
1001688	1966	29.jun.66	7700
1001687	1966	29.jun.66	9900
1001689	1966	01.jul.66	7200
1001690	1966	01.jul.66	15400
1001691	1966	02.jul.66	10900
1001693	1966	05.jul.66	6300
1001694	1966	05.jul.66	10500
1001696	1966	06.jul.66	5000
1001695	1966	06.jul.66	10500
1001699	1966	07.jul.66	6300
1001701	1966	08.jul.66	5400
1001702	1966	08.jul.66	10500
1001703	1966	08.jul.66	10500
1001704	1966	10.jul.66	9500
1001705	1966	10.jul.66	11700
1001706	1966	11.jul.66	6500
1001707	1966	11.jul.66	6800
1001708	1966	13.jul.66	9900
1001720	1966	18.jul.66	9500
1001725	1966	19.jul.66	1300
1001728	1966	20.jul.66	9500
1001737	1966	21.jul.66	5600
1001752	1966	23.jul.66	1200
1001750	1966	23.jul.66	1800
1001749	1966	23.jul.66	3600
1001763	1966	24.jul.66	10000
1001795	1966	29.jul.66	1500
1001796	1966	29.jul.66	1500
1001798	1966	29.jul.66	1500
1001797	1966	29.jul.66	5700
1001802	1966	30.jul.66	1500
1001810	1966	31.jul.66	1500
1001809	1966	31.jul.66	1700
1001817	1966	02.aug.66	1500
1001820	1966	02.aug.66	11300
1001832	1966	04.aug.66	1200
1001831	1966	04.aug.66	1400
1001833	1966	04.aug.66	1500
1001837	1966	05.aug.66	1500
1001838	1966	05.aug.66	1600
1001846	1966	07.aug.66	1500
1001850	1966	08.aug.66	1500
1001855	1966	09.aug.66	7000
1001857	1966	09.aug.66	7300
1001856	1966	09.aug.66	8000
1001858	1966	10.aug.66	18200
1001859	1966	12.aug.66	8100
1001861	1966	13.aug.66	8000
1001860	1966	13.aug.66	8200
1001862	1966	17.aug.66	11000
1001863	1966	20.aug.66	6000
1001864	1966	20.aug.66	6500
1001866	1966	21.aug.66	5600
1001865	1966	21.aug.66	9000
1001868	1966	22.aug.66	5500
1001867	1966	22.aug.66	8300
1001870	1966	23.aug.66	4000
1001872	1967	03.jun.67	7500
1001873	1967	16.jun.67	11400
1001874	1967	17.jun.67	14500
1001875	1967	20.jun.67	10900
1001876	1967	21.jun.67	9700
1001878	1967	23.jun.67	9500
1001879	1967	23.jun.67	9900
1001881	1967	23.jun.67	10400
1001880	1967	23.jun.67	10500
1001877	1967	23.jun.67	12500
1001883	1967	24.jun.67	14200
1001882	1967	24.jun.67	14300
1001886	1967	26.jun.67	9100
1001885	1967	26.jun.67	9500
1001887	1967	26.jun.67	10100
1001884	1967	26.jun.67	14500
1001888	1967	27.jun.67	10200
1001889	1967	28.jun.67	13000
1001892	1967	29.jun.67	6000
1001890	1967	29.jun.67	8700
1001893	1967	29.jun.67	11100
1001891	1967	29.jun.67	13200
1001898	1967	01.jul.67	7000
1001896	1967	01.jul.67	8300
1001894	1967	01.jul.67	11100
1001899	1967	01.jul.67	12500
1001895	1967	01.jul.67	13600
1001900	1967	02.jul.67	11300
1001901	1967	03.jul.67	10000
1001903	1967	03.jul.67	11200
1001902	1967	03.jul.67	12800
1001904	1967	05.jul.67	11300
1001906	1967	05.jul.67	12300
1001905	1967	05.jul.67	12500
1001907	1967	05.jul.67	14300
1001908	1967	06.jul.67	13300
1001909	1967	07.jul.67	9300
1001910	1967	07.jul.67	10200
1001911	1967	09.jul.67	12500
1001912	1967	10.jul.67	7600
1001916	1967	11.jul.67	5100
1001914	1967	11.jul.67	9700
1001915	1967	11.jul.67	11900
1001913	1967	11.jul.67	12700
1001919	1967	13.jul.67	6600
1001917	1967	13.jul.67	8300
1001918	1967	13.jul.67	9900
1001921	1967	13.jul.67	12000
1001920	1967	13.jul.67	14900
1001924	1967	14.jul.67	6100
1001923	1967	14.jul.67	6400
1001922	1967	14.jul.67	13400
1001925	1967	15.jul.67	10200
1001926	1967	15.jul.67	12800
1001927	1967	17.jul.67	7900
1001928	1967	17.jul.67	15500
1001932	1967	19.jul.67	5900
1001929	1967	19.jul.67	6600
1001931	1967	19.jul.67	10300
1001930	1967	19.jul.67	18700
1001933	1967	20.jul.67	6200
1001935	1967	21.jul.67	1000
1001937	1967	21.jul.67	8100
1001936	1967	21.jul.67	10100
1001939	1967	22.jul.67	9600
1001940	1967	22.jul.67	11500
1001943	1967	23.jul.67	1500
1001945	1967	23.jul.67	6000
1001955	1967	25.jul.67	1000
1001950	1967	25.jul.67	1500
1001954	1967	25.jul.67	1800
1001959	1967	26.jul.67	1000
1001960	1967	26.jul.67	1500
1001958	1967	26.jul.67	1800
1001956	1967	26.jul.67	7200
1001957	1967	26.jul.67	9700
1001963	1967	27.jul.67	1200
1001962	1967	27.jul.67	7800
1001965	1967	28.jul.67	2000
1001968	1967	29.jul.67	1500
1001969	1967	29.jul.67	12300
1001979	1967	31.jul.67	1500
1001981	1967	01.aug.67	1000
1001980	1967	01.aug.67	1800
1001987	1967	02.aug.67	1500
1001986	1967	02.aug.67	1900
1001985	1967	02.aug.67	2300
1001992	1967	03.aug.67	7400
1001997	1967	04.aug.67	1500
1001995	1967	04.aug.67	8800
1001996	1967	04.aug.67	10000
1002001	1967	05.aug.67	7400
1002009	1967	06.aug.67	1000
1002010	1967	07.aug.67	1500
1002018	1967	08.aug.67	1300
1002022	1967	08.aug.67	1500
1002017	1967	08.aug.67	1700
1002032	1967	09.aug.67	1500
1002033	1967	12.aug.67	1300
1002034	1967	12.aug.67	1300
1002035	1967	12.aug.67	1400
1002036	1967	13.aug.67	1500
1002037	1967	13.aug.67	1500
1002038	1967	13.aug.67	8200
1002040	1967	15.aug.67	1300
1002041	1967	15.aug.67	1300
1002042	1967	15.aug.67	1400
1002039	1967	15.aug.67	12500
1002049	1967	19.aug.67	7000
1002045	1967	19.aug.67	9000
1002050	1968	18.jun.68	9900
1002052	1968	24.jun.68	12100
1002051	1968	24.jun.68	14500
1002053	1968	25.jun.68	7500
1002056	1968	26.jun.68	6800
1002055	1968	26.jun.68	7700
1002054	1968	26.jun.68	10700
1002057	1968	27.jun.68	13600
1002058	1968	28.jun.68	5900
1002059	1968	28.jun.68	7500
1002060	1968	28.jun.68	12600
1002062	1968	01.jul.68	5200
1002061	1968	01.jul.68	6200
1002063	1968	04.jul.68	2400
1002064	1968	05.jul.68	2000
1002065	1968	05.jul.68	10100
1002066	1968	06.jul.68	1400
1002069	1968	06.jul.68	1600
1002071	1968	06.jul.68	6000
1002067	1968	06.jul.68	11700
1002073	1968	07.jul.68	6200
1002072	1968	07.jul.68	11700
1002075	1968	08.jul.68	10900
1002074	1968	08.jul.68	11000
1002076	1968	08.jul.68	12200
1002079	1968	09.jul.68	5000
1002078	1968	09.jul.68	8600
1002077	1968	09.jul.68	8700
1002082	1968	10.jul.68	5800
1002080	1968	10.jul.68	6300
1002085	1968	11.jul.68	5500
1002083	1968	11.jul.68	6000
1002084	1968	11.jul.68	14100
1002088	1968	12.jul.68	1900
1002087	1968	12.jul.68	7000
1002086	1968	12.jul.68	11100
1002089	1968	12.jul.68	12900
1002090	1968	13.jul.68	1700
1002091	1968	13.jul.68	1700
1002092	1968	13.jul.68	2000
1002093	1968	14.jul.68	1200
1002095	1968	15.jul.68	1000
1002094	1968	15.jul.68	6200
1002100	1968	16.jul.68	1000
1002098	1968	16.jul.68	1200
1002099	1968	16.jul.68	1500
1002104	1968	17.jul.68	1000
1002101	1968	17.jul.68	1500
1002110	1968	18.jul.68	1200
1002111	1968	18.jul.68	1200
1002112	1968	18.jul.68	7000
1002115	1968	20.jul.68	8000
1002121	1968	21.jul.68	1500
1002122	1968	21.jul.68	1500
1002120	1968	21.jul.68	7500
1002126	1968	22.jul.68	2000
1002130	1968	23.jul.68	1600
1002129	1968	23.jul.68	6500
1002135	1968	24.jul.68	2900
1002134	1968	24.jul.68	9200
1002145	1968	25.jul.68	1300
1002144	1968	25.jul.68	2400
1002143	1968	25.jul.68	4500
1002142	1968	25.jul.68	5400
1002148	1968	25.jul.68	7200
1002155	1968	26.jul.68	2800
1002170	1968	27.jul.68	1300
1002166	1968	27.jul.68	1500
1002178	1968	28.jul.68	1200
1002173	1968	28.jul.68	1400
1002174	1968	28.jul.68	1400
1002210	1968	30.jul.68	2500
1002208	1968	30.jul.68	6700
1002209	1968	30.jul.68	19500
1002224	1968	01.aug.68	1200
1002223	1968	01.aug.68	1300
1002221	1968	01.aug.68	1600
1002222	1968	01.aug.68	1900
1002220	1968	01.aug.68	3200
1002230	1968	01.aug.68	6100
1002219	1968	01.aug.68	8300
1002240	1968	02.aug.68	1000
1002236	1968	02.aug.68	1300
1002235	1968	02.aug.68	2900
1002245	1968	03.aug.68	1200
1002252	1968	03.aug.68	2000
1002251	1968	03.aug.68	2800
1002263	1968	05.aug.68	1200
1002276	1968	06.aug.68	1200
1002290	1968	07.aug.68	1300
1002304	1968	09.aug.68	1200
1002317	1968	12.aug.68	1200
1002318	1968	12.aug.68	2000
1002319	1968	12.aug.68	2000
1002324	1968	13.aug.68	1700
1002328	1968	14.aug.68	1800
1002330	1968	14.aug.68	1800
1002329	1968	14.aug.68	5800
1002333	1968	16.aug.68	1500
1002334	1968	16.aug.68	1500
1002338	1968	17.aug.68	1500
1002339	1968	17.aug.68	1500
1002336	1968	17.aug.68	2500
1002337	1968	17.aug.68	2500
1002340	1968	18.aug.68	1700
1002341	1968	18.aug.68	1800
1002342	1968	19.aug.68	2000
1002349	1968	19.aug.68	2000
1002350	1968	20.aug.68	11500
1002351	1968	20.aug.68	15800
1002376	1968	22.aug.68	1500
1002377	1968	23.aug.68	1500
1002378	1968	24.aug.68	2000
1002381	1968	25.aug.68	1500
1002382	1968	26.aug.68	1500
1002383	1968	27.aug.68	1500
1002384	1968	28.aug.68	1500
1002385	1968	29.aug.68	1500
1002387	1969	01.jul.69	2200
1002389	1969	03.jul.69	2900
1002390	1969	03.jul.69	4600
1002391	1969	05.jul.69	2100
1002393	1969	05.jul.69	6600
1002394	1969	07.jul.69	7700
1002396	1969	09.jul.69	2100
1002395	1969	09.jul.69	2600
1002408	1969	13.jul.69	1300
1002416	1969	14.jul.69	6000
1002422	1969	15.jul.69	1500
1002417	1969	15.jul.69	1800
1002439	1969	17.jul.69	900
1002451	1969	17.jul.69	1500
1002440	1969	17.jul.69	1800
1002447	1969	17.jul.69	2000
1002438	1969	17.jul.69	7300
1002470	1969	18.jul.69	1500
1002461	1969	18.jul.69	3000
1002471	1969	18.jul.69	3000
1002485	1969	19.jul.69	1000
1002494	1969	19.jul.69	1200
1002495	1969	19.jul.69	1200
1002488	1969	19.jul.69	1300
1002498	1969	20.jul.69	7000
1002506	1969	21.jul.69	1000
1002509	1969	21.jul.69	1500
1002504	1969	21.jul.69	1700
1002505	1969	21.jul.69	1700
1002507	1969	21.jul.69	1900
1002515	1969	22.jul.69	1700
1002524	1969	23.jul.69	1300
1002522	1969	23.jul.69	1600
1002523	1969	23.jul.69	3000
1002537	1969	24.jul.69	10300
1002553	1969	25.jul.69	2300
1002557	1969	25.jul.69	3500
1002554	1969	25.jul.69	8300
1002555	1969	25.jul.69	16100
1002582	1969	26.jul.69	1000
1002589	1969	27.jul.69	1200
1002590	1969	27.jul.69	1600
1002591	1969	27.jul.69	1800
1002593	1969	27.jul.69	2600
1002596	1969	27.jul.69	5500
1002607	1969	28.jul.69	1100
1002614	1969	28.jul.69	1400
1002606	1969	28.jul.69	1900
1002631	1969	29.jul.69	1200
1002633	1969	29.jul.69	1200
1002626	1969	29.jul.69	1400
1002630	1969	29.jul.69	1400
1002629	1969	29.jul.69	1500
1002632	1969	29.jul.69	1500
1002627	1969	29.jul.69	1700
1002634	1969	29.jul.69	9200
1002635	1969	30.jul.69	1000
1002645	1969	30.jul.69	1500
1002636	1969	30.jul.69	2000
1002637	1969	30.jul.69	2400
1002650	1969	31.jul.69	1000
1002653	1969	31.jul.69	1200
1002649	1969	31.jul.69	1400
1002651	1969	31.jul.69	1400
1002654	1969	31.jul.69	1500
1002648	1969	31.jul.69	1600
1002652	1969	31.jul.69	1600
1002655	1969	31.jul.69	2000
1002661	1969	01.aug.69	2000
1002679	1969	02.aug.69	1100
1002675	1969	02.aug.69	1200
1002677	1969	02.aug.69	1400
1002680	1969	02.aug.69	1600
1002676	1969	02.aug.69	3300
1002678	1969	02.aug.69	8900
1002686	1969	04.aug.69	1200
1002690	1969	05.aug.69	1300
1002693	1969	06.aug.69	2000
1002697	1969	07.aug.69	1300
1002703	1969	08.aug.69	1100
1002702	1969	08.aug.69	1300
1002701	1969	08.aug.69	1500
1002709	1969	09.aug.69	3000
1002707	1969	09.aug.69	3200
1002708	1969	09.aug.69	6000
1002706	1969	09.aug.69	6100
1002713	1969	10.aug.69	700
1002720	1969	11.aug.69	1200
1002721	1969	11.aug.69	1300
1002722	1969	11.aug.69	1300
1002725	1969	12.aug.69	1200
1002726	1969	12.aug.69	1300
1002731	1969	13.aug.69	1200
1002732	1969	13.aug.69	1200
1002733	1969	13.aug.69	1300
1002736	1969	14.aug.69	1200
1002737	1969	14.aug.69	1300
1002738	1969	14.aug.69	1300
1002741	1969	14.aug.69	1500
1002742	1969	15.aug.69	1200
1002743	1969	15.aug.69	1200
1002744	1969	15.aug.69	1200
1002747	1969	16.aug.69	1300
1002750	1969	17.aug.69	1200
1002751	1969	17.aug.69	1200
1002756	1969	18.aug.69	1200
1002754	1969	18.aug.69	1400
1002755	1969	18.aug.69	1400
1002759	1969	19.aug.69	1300
1002763	1969	20.aug.69	1300
1002764	1969	20.aug.69	1300
1002765	1969	20.aug.69	1300
1002766	1969	20.aug.69	1400
1002767	1969	20.aug.69	1400
1002762	1969	20.aug.69	7000
1002771	1969	21.aug.69	6000
1002778	1969	22.aug.69	1000
1002779	1969	22.aug.69	1100
1002777	1969	22.aug.69	1200
1002774	1969	22.aug.69	2000
1002775	1969	22.aug.69	2000
1002776	1969	22.aug.69	2000
1002783	1969	23.aug.69	1000
1002782	1969	23.aug.69	1200
1002786	1969	24.aug.69	1000
1002787	1969	24.aug.69	1100
1002785	1969	24.aug.69	1200
1002789	1969	24.aug.69	9200
1002799	1969	25.aug.69	1000
1002791	1969	25.aug.69	1200
1002792	1969	25.aug.69	1200
1002793	1969	25.aug.69	1200
1002794	1969	25.aug.69	1200
1002795	1969	25.aug.69	1200
1002796	1969	25.aug.69	1200
1002797	1969	25.aug.69	1200
1002798	1969	25.aug.69	1400
1002802	1969	26.aug.69	1000
1002803	1969	26.aug.69	1100
1002801	1969	26.aug.69	1500
1002806	1969	27.aug.69	1500
1002808	1969	27.aug.69	2000
1002807	1969	27.aug.69	2500
1002810	1969	28.aug.69	1100
1002809	1969	28.aug.69	1500
1002811	1969	28.aug.69	7000
1002813	1969	29.aug.69	7000
1002815	1969	30.aug.69	1600
1002816	1969	30.aug.69	4000
1002817	1969	30.aug.69	7000
1002818	1969	31.aug.69	12000
1002820	1970	12.jun.70	8700
1002822	1970	18.jun.70	9400
1002821	1970	18.jun.70	9600
1002823	1970	22.jun.70	5500
1002824	1970	28.jun.70	2300
1002825	1970	30.jun.70	7700
1002826	1970	01.jul.70	4500
1002828	1970	01.jul.70	5700
1002829	1970	01.jul.70	7800
1002830	1970	02.jul.70	9700
1002831	1970	04.jul.70	6100
1002832	1970	04.jul.70	8700
1002834	1970	06.jul.70	13000
1002837	1970	08.jul.70	11300
1002839	1970	10.jul.70	5000
1002840	1970	12.jul.70	8600
1002843	1970	16.jul.70	4600
1002844	1970	16.jul.70	4900
1002845	1970	16.jul.70	7000
1002842	1970	16.jul.70	8500
1002846	1970	17.jul.70	1200
1002847	1970	17.jul.70	5200
1002863	1970	19.jul.70	1700
1002868	1970	19.jul.70	7700
1002864	1970	19.jul.70	9800
1002899	1970	20.jul.70	1400
1002903	1970	20.jul.70	1400
1002888	1970	20.jul.70	1500
1002891	1970	20.jul.70	2100
1002892	1970	20.jul.70	2300
1002890	1970	20.jul.70	5200
1002906	1970	20.jul.70	5700
1002901	1970	20.jul.70	6200
1002900	1970	20.jul.70	9000
1002907	1970	21.jul.70	2000
1002910	1970	21.jul.70	2000
1002909	1970	21.jul.70	6700
1002931	1970	22.jul.70	6700
1002963	1970	24.jul.70	1200
1002955	1970	24.jul.70	1400
1002972	1970	25.jul.70	1500
1002991	1970	26.jul.70	1100
1002992	1970	26.jul.70	4700
1003007	1970	27.jul.70	1600
1003017	1970	28.jul.70	1600
1003019	1970	28.jul.70	1900
1003018	1970	28.jul.70	7300
1003014	1970	28.jul.70	11000
1003048	1970	30.jul.70	1400
1003047	1970	30.jul.70	7900
1003051	1970	30.jul.70	10800
1003052	1970	31.jul.70	1300
1003071	1970	01.aug.70	1800
1003072	1970	01.aug.70	4800
1003070	1970	01.aug.70	7100
1003082	1970	02.aug.70	1200
1003079	1970	02.aug.70	1400
1003085	1970	03.aug.70	1900
1003106	1970	05.aug.70	1200
1003105	1970	05.aug.70	1300
1003114	1970	06.aug.70	1500
1003126	1970	06.aug.70	2000
1003127	1970	07.aug.70	6700
1003135	1970	08.aug.70	5700
1003133	1970	08.aug.70	6900
1003134	1970	08.aug.70	9700
1003141	1970	09.aug.70	1300
1003142	1970	09.aug.70	6000
1003164	1970	10.aug.70	1900
1003165	1970	10.aug.70	6600
1003170	1970	11.aug.70	1900
1003173	1970	11.aug.70	7100
1003190	1970	12.aug.70	1300
1003196	1970	12.aug.70	2300
1003197	1970	12.aug.70	3100
1003213	1970	13.aug.70	10900
1003223	1970	14.aug.70	6000
1003230	1970	15.aug.70	1500
1003229	1970	15.aug.70	2000
1003224	1970	15.aug.70	11700
1003243	1970	18.aug.70	7300
1003257	1970	22.aug.70	1500
1003258	1970	22.aug.70	3000
1003272	1970	24.aug.70	8500
1003281	1970	25.aug.70	2200
1003295	1970	27.aug.70	9800
1003297	1970	28.aug.70	7000
1003299	1970	28.aug.70	11000
1003310	1970	29.aug.70	2100
1003309	1970	29.aug.70	10500
1003313	1971	06.jun.71	17000
1003314	1971	20.jun.71	3000
1003315	1971	20.jun.71	15900
1003316	1971	25.jun.71	8900
1003317	1971	26.jun.71	11000
1003320	1971	28.jun.71	6700
1003319	1971	28.jun.71	9000
1003318	1971	28.jun.71	9400
1003321	1971	29.jun.71	10100
1003323	1971	30.jun.71	5300
1003324	1971	30.jun.71	6000
1003325	1971	30.jun.71	6500
1003327	1971	02.jul.71	10900
1003328	1971	05.jul.71	8600
1003329	1971	06.jul.71	3800
1003330	1971	06.jul.71	5500
1003331	1971	08.jul.71	9000
1003332	1971	09.jul.71	1000
1003334	1971	09.jul.71	12000
1003333	1971	09.jul.71	13000
1003336	1971	12.jul.71	2500
1003337	1971	12.jul.71	12700
1003338	1971	13.jul.71	7500
1003339	1971	14.jul.71	9000
1003344	1971	16.jul.71	8000
1003343	1971	16.jul.71	10700
1003345	1971	17.jul.71	12700
1003348	1971	18.jul.71	8900
1003346	1971	18.jul.71	9700
1003356	1971	20.jul.71	12000
1003350	1971	20.jul.71	17000
1003357	1971	21.jul.71	11700
1003370	1971	22.jul.71	1800
1003371	1971	22.jul.71	4500
1003369	1971	22.jul.71	6400
1003368	1971	22.jul.71	7400
1003373	1971	23.jul.71	8300
1003372	1971	23.jul.71	9700
1003374	1971	23.jul.71	11700
1003376	1971	24.jul.71	1100
1003377	1971	24.jul.71	1100
1003385	1971	24.jul.71	1200
1003375	1971	24.jul.71	4100
1003390	1971	25.jul.71	3000
1003399	1971	26.jul.71	1300
1003410	1971	26.jul.71	1300
1003417	1971	26.jul.71	1300
1003398	1971	26.jul.71	1500
1003393	1971	26.jul.71	1600
1003394	1971	26.jul.71	1900
1003404	1971	26.jul.71	2000
1003392	1971	26.jul.71	6300
1003403	1971	26.jul.71	7300
1003422	1971	27.jul.71	1400
1003420	1971	27.jul.71	7900
1003423	1971	28.jul.71	1200
1003455	1971	30.jul.71	1600
1003456	1971	30.jul.71	9700
1003499	1971	01.aug.71	1300
1003498	1971	01.aug.71	5200
1003508	1971	02.aug.71	1800
1003538	1971	03.aug.71	1300
1003546	1971	03.aug.71	1300
1003544	1971	03.aug.71	1500
1003545	1971	03.aug.71	8300
1003562	1971	04.aug.71	1500
1003561	1971	04.aug.71	8300
1003574	1971	05.aug.71	1600
1003581	1971	06.aug.71	1200
1003606	1971	07.aug.71	1500
1003605	1971	07.aug.71	1700
1003617	1971	08.aug.71	1600
1003622	1971	08.aug.71	5700
1003638	1971	09.aug.71	1600
1003646	1971	09.aug.71	2200
1003637	1971	09.aug.71	10400
1003655	1971	10.aug.71	2300
1003658	1971	10.aug.71	5500
1003686	1971	11.aug.71	1100
1003689	1971	11.aug.71	1300
1003685	1971	11.aug.71	1400
1003684	1971	11.aug.71	1600
1003683	1971	11.aug.71	1700
1003688	1971	11.aug.71	1700
1003682	1971	11.aug.71	2000
1003681	1971	11.aug.71	2200
1003687	1971	11.aug.71	2600
1003676	1971	11.aug.71	3200
1003713	1971	12.aug.71	1500
1003708	1971	12.aug.71	1600
1003712	1971	12.aug.71	1700
1003707	1971	12.aug.71	2300
1003740	1971	13.aug.71	1000
1003760	1971	15.aug.71	1400
1003761	1971	15.aug.71	1700
1003780	1971	15.aug.71	1800
1003779	1971	15.aug.71	1900
1003767	1971	15.aug.71	2000
1003768	1971	15.aug.71	2000
1003759	1971	15.aug.71	6100
1003782	1971	16.aug.71	3500
1003781	1971	16.aug.71	6500
1003789	1971	17.aug.71	5100
1003790	1971	17.aug.71	5300
1003796	1971	17.aug.71	5500
1003803	1971	18.aug.71	9000
1003804	1971	19.aug.71	7000
1003816	1971	21.aug.71	1400
1003817	1971	21.aug.71	1500
1003818	1971	21.aug.71	1500
1003843	1971	21.aug.71	2000
1003844	1971	21.aug.71	2500
1003845	1971	21.aug.71	5500
1003858	1971	25.aug.71	1600
1003857	1971	25.aug.71	1800
1003856	1971	25.aug.71	2000
1003859	1971	26.aug.71	6300
1003862	1971	27.aug.71	2000
1003861	1971	27.aug.71	3500
1003860	1971	27.aug.71	5500
1003895	1971	28.aug.71	3000
1003900	1971	28.aug.71	7000
1003907	1972	14.jun.72	8700
1003909	1972	16.jun.72	10500
1003911	1972	20.jun.72	9700
1003910	1972	20.jun.72	10400
1003912	1972	23.jun.72	9200
1003913	1972	26.jun.72	12100
1003914	1972	27.jun.72	8900
1003915	1972	30.jun.72	6000
1003917	1972	02.jul.72	2200
1003921	1972	03.jul.72	7900
1003925	1972	05.jul.72	8700
1003926	1972	06.jul.72	6800
1003928	1972	06.jul.72	8300
1003927	1972	06.jul.72	8900
1003929	1972	06.jul.72	10700
1003931	1972	07.jul.72	6600
1003934	1972	08.jul.72	2000
1003933	1972	08.jul.72	5800
1003932	1972	08.jul.72	8900
1003936	1972	09.jul.72	6300
1003935	1972	09.jul.72	6800
1003937	1972	09.jul.72	7900
1003938	1972	10.jul.72	9100
1003939	1972	11.jul.72	3700
1003940	1972	11.jul.72	6500
1003942	1972	11.jul.72	6600
1003941	1972	11.jul.72	8800
1003944	1972	12.jul.72	7800
1003943	1972	12.jul.72	12100
1003945	1972	13.jul.72	6000
1003946	1972	13.jul.72	7200
1003948	1972	13.jul.72	10500
1003949	1972	14.jul.72	6500
1003951	1972	14.jul.72	7000
1003952	1972	14.jul.72	9200
1003956	1972	15.jul.72	7400
1003970	1972	16.jul.72	5800
1003971	1972	16.jul.72	9500
1003992	1972	18.jul.72	1500
1003991	1972	18.jul.72	2000
1003990	1972	18.jul.72	2100
1003987	1972	18.jul.72	3100
1003989	1972	18.jul.72	6100
1004011	1972	20.jul.72	5500
1004063	1972	23.jul.72	1300
1004062	1972	23.jul.72	5700
1004070	1972	24.jul.72	5700
1004071	1972	24.jul.72	8600
1004109	1972	25.jul.72	1800
1004135	1972	26.jul.72	1700
1004114	1972	26.jul.72	1900
1004115	1972	26.jul.72	1900
1004121	1972	26.jul.72	2100
1004139	1972	27.jul.72	1200
1004167	1972	27.jul.72	1800
1004138	1972	27.jul.72	5100
1004170	1972	28.jul.72	1700
1004183	1972	29.jul.72	1500
1004200	1972	29.jul.72	1600
1004201	1972	29.jul.72	6400
1004219	1972	30.jul.72	1400
1004218	1972	30.jul.72	1700
1004230	1972	30.jul.72	2300
1004216	1972	30.jul.72	2600
1004217	1972	30.jul.72	2600
1004231	1972	31.jul.72	2600
1004232	1972	31.jul.72	6400
1004258	1972	01.aug.72	1600
1004257	1972	01.aug.72	1700
1004256	1972	01.aug.72	1900
1004259	1972	01.aug.72	1900
1004288	1972	02.aug.72	1700
1004282	1972	02.aug.72	2300
1004281	1972	02.aug.72	2800
1004284	1972	02.aug.72	5500
1004283	1972	02.aug.72	5800
1004296	1972	03.aug.72	1200
1004294	1972	03.aug.72	1300
1004295	1972	03.aug.72	1400
1004304	1972	03.aug.72	1400
1004293	1972	03.aug.72	2000
1004311	1972	04.aug.72	1400
1004310	1972	04.aug.72	1800
1004308	1972	04.aug.72	6900
1004307	1972	04.aug.72	9100
1004306	1972	04.aug.72	10000
1004309	1972	04.aug.72	10600
1004321	1972	05.aug.72	1300
1004318	1972	05.aug.72	1500
1004326	1972	05.aug.72	1500
1004320	1972	05.aug.72	1800
1004328	1972	05.aug.72	1800
1004327	1972	05.aug.72	2000
1004329	1972	05.aug.72	2000
1004319	1972	05.aug.72	6300
1004336	1972	06.aug.72	1200
1004337	1972	06.aug.72	1400
1004333	1972	06.aug.72	1900
1004335	1972	06.aug.72	1900
1004330	1972	06.aug.72	2000
1004334	1972	06.aug.72	2300
1004332	1972	06.aug.72	2400
1004331	1972	06.aug.72	4000
1004342	1972	07.aug.72	1200
1004343	1972	07.aug.72	1500
1004344	1972	07.aug.72	1500
1004347	1972	07.aug.72	1600
1004348	1972	07.aug.72	1700
1004345	1972	07.aug.72	2000
1004346	1972	07.aug.72	2200
1004353	1972	07.aug.72	7400
1004354	1972	08.aug.72	1400
1004355	1972	08.aug.72	1400
1004356	1972	08.aug.72	1500
1004357	1972	08.aug.72	1900
1004358	1972	08.aug.72	2500
1004369	1972	09.aug.72	1200
1004363	1972	09.aug.72	1400
1004368	1972	09.aug.72	1400
1004364	1972	09.aug.72	1500
1004367	1972	09.aug.72	1600
1004375	1972	09.aug.72	1800
1004365	1972	09.aug.72	1900
1004366	1972	09.aug.72	1900
1004376	1972	09.aug.72	2000
1004382	1972	10.aug.72	1300
1004378	1972	10.aug.72	1700
1004377	1972	10.aug.72	1800
1004383	1972	10.aug.72	1800
1004379	1972	10.aug.72	1900
1004384	1972	10.aug.72	1900
1004380	1972	10.aug.72	2000
1004381	1972	10.aug.72	2000
1004389	1972	10.aug.72	2200
1004397	1972	11.aug.72	1800
1004395	1972	11.aug.72	1900
1004396	1972	11.aug.72	1900
1004394	1972	11.aug.72	2100
1004398	1972	12.aug.72	1900
1004405	1972	12.aug.72	1900
1004404	1972	12.aug.72	2000
1004399	1972	12.aug.72	2300
1004407	1972	13.aug.72	1300
1004409	1972	13.aug.72	1500
1004410	1972	13.aug.72	1500
1004408	1972	13.aug.72	1700
1004419	1972	13.aug.72	1800
1004412	1972	13.aug.72	1900
1004418	1972	13.aug.72	1900
1004411	1972	13.aug.72	2100
1004413	1972	13.aug.72	2200
1004406	1972	13.aug.72	2300
1004426	1972	14.aug.72	1800
1004420	1972	14.aug.72	2000
1004425	1972	14.aug.72	2000
1004434	1972	15.aug.72	4200
1004427	1972	15.aug.72	9500
1004437	1972	16.aug.72	7000
1004443	1972	17.aug.72	4300
1004442	1972	17.aug.72	6500
1004448	1972	18.aug.72	8000
1004444	1972	18.aug.72	9200
1004449	1972	19.aug.72	1400
1004455	1972	19.aug.72	8600
1004460	1972	20.aug.72	7500
1004481	1972	21.aug.72	1500
1004470	1972	21.aug.72	1800
1004469	1972	21.aug.72	2000
1004510	1972	23.aug.72	1500
1004501	1972	23.aug.72	4500
1004518	1972	24.aug.72	10400
1004535	1972	25.aug.72	1500
1004540	1972	25.aug.72	1500
1004534	1972	25.aug.72	1700
1004533	1972	25.aug.72	1800
1004532	1972	25.aug.72	2000
1004551	1972	26.aug.72	6000
1004557	1972	27.aug.72	1500
1004556	1972	27.aug.72	12500
1004563	1972	29.aug.72	6300
1004567	1972	30.aug.72	1600
1004566	1972	30.aug.72	10300
1004570	1972	31.aug.72	1500
1004568	1972	31.aug.72	2000
1004569	1972	31.aug.72	5300
1004571	1973	08.jun.73	4000
1004572	1973	13.jun.73	11000
1004573	1973	14.jun.73	10500
1004574	1973	14.jun.73	12900
1004575	1973	20.jun.73	6600
1004576	1973	20.jun.73	10600
1004577	1973	22.jun.73	10900
1004578	1973	22.jun.73	11400
1004579	1973	24.jun.73	10500
1004580	1973	26.jun.73	6600
1004581	1973	28.jun.73	6400
1004582	1973	28.jun.73	12500
1004583	1973	01.jul.73	12200
1004584	1973	02.jul.73	5900
1004585	1973	02.jul.73	11700
1004588	1973	04.jul.73	1700
1004586	1973	04.jul.73	1800
1004587	1973	04.jul.73	5400
1004589	1973	09.jul.73	1700
1004590	1973	09.jul.73	1700
1004591	1973	10.jul.73	6300
1004593	1973	10.jul.73	6900
1004596	1973	11.jul.73	9200
1004597	1973	11.jul.73	10700
1004594	1973	11.jul.73	11400
1004598	1973	12.jul.73	15900
1004599	1973	13.jul.73	6900
1004600	1973	13.jul.73	7900
1004602	1973	13.jul.73	8100
1004601	1973	13.jul.73	11400
1004607	1973	14.jul.73	11000
1004612	1973	15.jul.73	1100
1004610	1973	15.jul.73	1800
1004608	1973	15.jul.73	2600
1004614	1973	16.jul.73	3000
1004619	1973	16.jul.73	6000
1004615	1973	16.jul.73	6200
1004627	1973	17.jul.73	1600
1004629	1973	17.jul.73	1700
1004623	1973	17.jul.73	1800
1004628	1973	17.jul.73	1900
1004625	1973	17.jul.73	6500
1004626	1973	17.jul.73	6800
1004622	1973	17.jul.73	7900
1004621	1973	17.jul.73	8800
1004637	1973	18.jul.73	1300
1004634	1973	18.jul.73	1700
1004632	1973	18.jul.73	1900
1004635	1973	18.jul.73	2000
1004636	1973	18.jul.73	2000
1004631	1973	18.jul.73	4300
1004630	1973	18.jul.73	6200
1004633	1973	18.jul.73	10500
1004640	1973	19.jul.73	7800
1004639	1973	19.jul.73	7900
1004645	1973	20.jul.73	1500
1004648	1973	20.jul.73	1500
1004661	1973	20.jul.73	1500
1004646	1973	20.jul.73	1600
1004658	1973	20.jul.73	1800
1004659	1973	20.jul.73	1800
1004647	1973	20.jul.73	2500
1004644	1973	20.jul.73	2800
1004652	1973	20.jul.73	6300
1004653	1973	20.jul.73	6300
1004650	1973	20.jul.73	6600
1004651	1973	20.jul.73	6600
1004649	1973	20.jul.73	7100
1004660	1973	20.jul.73	9400
1004657	1973	20.jul.73	10200
1004671	1973	21.jul.73	1800
1004665	1973	21.jul.73	1900
1004668	1973	21.jul.73	6400
1004667	1973	21.jul.73	8600
1004666	1973	21.jul.73	8800
1004682	1973	22.jul.73	1500
1004672	1973	22.jul.73	1900
1004681	1973	22.jul.73	1900
1004679	1973	22.jul.73	3800
1004673	1973	22.jul.73	7300
1004678	1973	22.jul.73	7600
1004691	1973	23.jul.73	1700
1004692	1973	23.jul.73	5700
1004690	1973	23.jul.73	6300
1004689	1973	23.jul.73	7000
1004685	1973	23.jul.73	8700
1004688	1973	23.jul.73	10400
1004698	1973	24.jul.73	1300
1004699	1973	24.jul.73	1300
1004700	1973	24.jul.73	1300
1004697	1973	24.jul.73	1500
1004693	1973	24.jul.73	7500
1004715	1973	25.jul.73	1300
1004714	1973	25.jul.73	1500
1004713	1973	25.jul.73	1800
1004717	1973	25.jul.73	2500
1004708	1973	25.jul.73	3000
1004709	1973	25.jul.73	5800
1004712	1973	25.jul.73	6800
1004711	1973	25.jul.73	7200
1004710	1973	25.jul.73	8200
1004727	1973	26.jul.73	1500
1004721	1973	26.jul.73	2100
1004720	1973	26.jul.73	2300
1004719	1973	26.jul.73	2800
1004718	1973	26.jul.73	3700
1004735	1973	27.jul.73	1800
1004741	1973	27.jul.73	2300
1004734	1973	27.jul.73	3000
1004733	1973	27.jul.73	5800
1004742	1973	27.jul.73	7100
1004745	1973	28.jul.73	1200
1004746	1973	28.jul.73	1200
1004752	1973	28.jul.73	1200
1004744	1973	28.jul.73	2000
1004743	1973	28.jul.73	2300
1004747	1973	28.jul.73	2600
1004755	1973	29.jul.73	2200
1004753	1973	29.jul.73	2600
1004772	1973	30.jul.73	1800
1004774	1973	30.jul.73	1800
1004763	1973	30.jul.73	2600
1004779	1973	30.jul.73	5500
1004771	1973	30.jul.73	6200
1004767	1973	30.jul.73	6500
1004780	1973	30.jul.73	7000
1004785	1973	31.jul.73	1500
1004781	1973	31.jul.73	1600
1004783	1973	31.jul.73	1700
1004784	1973	31.jul.73	2400
1004789	1973	31.jul.73	5800
1004788	1973	31.jul.73	7600
1004795	1973	01.aug.73	1000
1004792	1973	01.aug.73	1500
1004791	1973	01.aug.73	1700
1004796	1973	01.aug.73	2100
1004805	1973	02.aug.73	1900
1004799	1973	02.aug.73	2000
1004804	1973	02.aug.73	2200
1004806	1973	02.aug.73	2200
1004807	1973	02.aug.73	2600
1004817	1973	03.aug.73	1700
1004818	1973	03.aug.73	1700
1004819	1973	03.aug.73	1700
1004825	1973	03.aug.73	1700
1004835	1973	03.aug.73	1700
1004821	1973	03.aug.73	2000
1004822	1973	03.aug.73	6500
1004838	1973	04.aug.73	1300
1004843	1973	05.aug.73	1600
1004842	1973	05.aug.73	1800
1004869	1973	07.aug.73	1000
1004870	1973	07.aug.73	1700
1004871	1973	07.aug.73	2000
1004892	1973	08.aug.73	1400
1004887	1973	08.aug.73	2000
1004910	1973	09.aug.73	1200
1004904	1973	09.aug.73	1500
1004903	1973	09.aug.73	1600
1004911	1973	09.aug.73	1600
1004902	1973	09.aug.73	2100
1004901	1973	09.aug.73	9800
1004918	1973	10.aug.73	1300
1004929	1973	11.aug.73	1600
1004931	1973	11.aug.73	1700
1004934	1973	11.aug.73	2300
1004930	1973	11.aug.73	2800
1004935	1973	11.aug.73	2900
1004928	1973	11.aug.73	5800
1004938	1973	12.aug.73	1500
1004951	1973	12.aug.73	1700
1004937	1973	12.aug.73	1800
1004950	1973	12.aug.73	1800
1004936	1973	12.aug.73	2700
1004967	1973	13.aug.73	1400
1004980	1973	13.aug.73	1800
1004979	1973	13.aug.73	2000
1005003	1973	15.aug.73	1500
1004991	1973	15.aug.73	2900
1004992	1973	15.aug.73	2900
1005005	1973	16.aug.73	2400
1005014	1973	17.aug.73	1300
1005013	1973	17.aug.73	2900
1005015	1973	17.aug.73	6200
1005016	1973	17.aug.73	6500
1005020	1973	17.aug.73	10800
1005036	1973	18.aug.73	1400
1005037	1973	18.aug.73	1600
1005035	1973	18.aug.73	4000
1005048	1973	19.aug.73	2000
1005045	1973	19.aug.73	7300
1005047	1973	19.aug.73	8500
1005046	1973	19.aug.73	10000
1005055	1973	20.aug.73	1700
1005054	1973	20.aug.73	3500
1005065	1973	21.aug.73	6000
1005057	1973	21.aug.73	10000
1005067	1973	22.aug.73	6000
1005066	1973	22.aug.73	7300
1005074	1973	24.aug.73	8000
1005073	1973	24.aug.73	10100
1005077	1973	25.aug.73	2000
1005078	1973	25.aug.73	2000
1005080	1973	25.aug.73	2100
1005082	1973	25.aug.73	3400
1005081	1973	25.aug.73	11500
1005079	1973	25.aug.73	13400
1005086	1973	26.aug.73	3500
1005085	1973	26.aug.73	10000
1005087	1973	26.aug.73	10400
1005088	1973	27.aug.73	8300
1005089	1973	27.aug.73	8500
1005090	1973	28.aug.73	12000
1005098	1974	13.jun.74	8700
1005099	1974	14.jun.74	3300
1005101	1974	15.jun.74	5500
1005100	1974	15.jun.74	10400
1005102	1974	17.jun.74	12300
1005103	1974	19.jun.74	10500
1005104	1974	19.jun.74	12200
1005105	1974	21.jun.74	11200
1005106	1974	22.jun.74	4200
1005107	1974	22.jun.74	15800
1005108	1974	25.jun.74	9700
1005109	1974	25.jun.74	11800
1005110	1974	26.jun.74	9700
1005111	1974	27.jun.74	1000
1005113	1974	27.jun.74	9000
1005115	1974	27.jun.74	10600
1005117	1974	29.jun.74	2300
1005116	1974	29.jun.74	8100
1005119	1974	29.jun.74	9400
1005121	1974	01.jul.74	5900
1005120	1974	01.jul.74	7800
1005123	1974	01.jul.74	11200
1005126	1974	02.jul.74	7500
1005125	1974	02.jul.74	9700
1005128	1974	04.jul.74	1500
1005130	1974	05.jul.74	4900
1005131	1974	05.jul.74	7400
1005129	1974	05.jul.74	24500
1005132	1974	06.jul.74	12800
1005133	1974	07.jul.74	8300
1005134	1974	07.jul.74	9000
1005138	1974	09.jul.74	5000
1005136	1974	09.jul.74	7000
1005141	1974	11.jul.74	6700
1005142	1974	13.jul.74	9000
1005143	1974	13.jul.74	10800
1005162	1974	15.jul.74	1100
1005159	1974	15.jul.74	1400
1005161	1974	15.jul.74	1600
1005160	1974	15.jul.74	2700
1005158	1974	15.jul.74	11000
1005164	1974	16.jul.74	1900
1005178	1974	17.jul.74	1000
1005180	1974	17.jul.74	1700
1005179	1974	17.jul.74	16100
1005189	1974	18.jul.74	1000
1005188	1974	18.jul.74	1700
1005201	1974	18.jul.74	1900
1005205	1974	19.jul.74	1100
1005204	1974	19.jul.74	1700
1005215	1974	20.jul.74	6600
1005216	1974	20.jul.74	7000
1005214	1974	20.jul.74	7400
1005233	1974	21.jul.74	1500
1005235	1974	21.jul.74	2000
1005232	1974	21.jul.74	7000
1005249	1974	22.jul.74	1500
1005248	1974	22.jul.74	4700
1005265	1974	23.jul.74	2300
1005263	1974	23.jul.74	3200
1005262	1974	23.jul.74	6100
1005266	1974	23.jul.74	8000
1005261	1974	23.jul.74	8100
1005275	1974	24.jul.74	6000
1005278	1974	24.jul.74	7000
1005277	1974	24.jul.74	13000
1005303	1974	25.jul.74	1300
1005304	1974	25.jul.74	1500
1005298	1974	25.jul.74	1600
1005296	1974	25.jul.74	1700
1005302	1974	25.jul.74	1700
1005295	1974	25.jul.74	1800
1005297	1974	25.jul.74	1800
1005294	1974	25.jul.74	2000
1005301	1974	25.jul.74	4800
1005300	1974	25.jul.74	6000
1005299	1974	25.jul.74	6300
1005293	1974	25.jul.74	6800
1005319	1974	26.jul.74	1600
1005320	1974	26.jul.74	1600
1005318	1974	26.jul.74	6900
1005317	1974	26.jul.74	7100
1005345	1974	27.jul.74	1100
1005350	1974	27.jul.74	1400
1005344	1974	27.jul.74	1500
1005338	1974	27.jul.74	1700
1005349	1974	27.jul.74	1700
1005343	1974	27.jul.74	2000
1005339	1974	27.jul.74	2200
1005340	1974	27.jul.74	5300
1005342	1974	27.jul.74	9400
1005356	1974	28.jul.74	2300
1005355	1974	28.jul.74	7500
1005369	1974	29.jul.74	1000
1005370	1974	29.jul.74	5600
1005400	1974	30.jul.74	1600
1005423	1974	31.jul.74	1300
1005417	1974	31.jul.74	1600
1005421	1974	31.jul.74	1600
1005420	1974	31.jul.74	1900
1005431	1974	01.aug.74	1600
1005451	1974	02.aug.74	1300
1005450	1974	02.aug.74	1600
1005452	1974	02.aug.74	1900
1005464	1974	03.aug.74	600
1005466	1974	03.aug.74	1700
1005485	1974	05.aug.74	2000
1005486	1974	05.aug.74	2400
1005520	1974	06.aug.74	1300
1005521	1974	06.aug.74	1300
1005519	1974	06.aug.74	2400
1005531	1974	07.aug.74	1800
1005561	1974	08.aug.74	1300
1005560	1974	08.aug.74	1800
1005577	1974	09.aug.74	1600
1005578	1974	09.aug.74	1600
1005579	1974	09.aug.74	3300
1005586	1974	10.aug.74	1500
1005610	1974	12.aug.74	1200
1005613	1974	12.aug.74	1700
1005611	1974	12.aug.74	1800
1005609	1974	12.aug.74	9600
1005625	1974	13.aug.74	3400
1005620	1974	13.aug.74	6000
1005636	1974	14.aug.74	1600
1005628	1974	14.aug.74	2200
1005630	1974	14.aug.74	2200
1005629	1974	14.aug.74	13000
1005645	1974	15.aug.74	1500
1005644	1974	15.aug.74	2200
1005646	1974	15.aug.74	2200
1005648	1974	16.aug.74	1200
1005647	1974	16.aug.74	1500
1005656	1974	16.aug.74	1500
1005653	1974	16.aug.74	1700
1005655	1974	16.aug.74	2000
1005654	1974	16.aug.74	6600
1005652	1974	16.aug.74	8500
1005657	1974	17.aug.74	1800
1005667	1974	18.aug.74	1700
1005668	1974	18.aug.74	1700
1005669	1974	18.aug.74	1700
1005670	1974	18.aug.74	1700
1005671	1974	18.aug.74	1700
1005666	1974	18.aug.74	2200
1005660	1974	18.aug.74	4500
1005665	1974	18.aug.74	6700
1005672	1974	18.aug.74	12500
1005678	1974	19.aug.74	10500
1005682	1974	20.aug.74	1600
1005681	1974	20.aug.74	1700
1005688	1974	20.aug.74	1900
1005679	1974	20.aug.74	7600
1005680	1974	20.aug.74	8900
1005687	1974	20.aug.74	9700
1005700	1974	23.aug.74	8000
1005701	1975	09.jun.75	6500
1005703	1975	11.jun.75	9500
1005704	1975	11.jun.75	10200
1005705	1975	11.jun.75	11900
1005702	1975	11.jun.75	15600
1005706	1975	14.jun.75	9500
1005707	1975	16.jun.75	7200
1005708	1975	23.jun.75	10600
1005709	1975	24.jun.75	5100
1005710	1975	24.jun.75	14200
1005711	1975	25.jun.75	11500
1005712	1975	26.jun.75	9000
1005715	1975	29.jun.75	4300
1005716	1975	01.jul.75	7000
1005717	1975	02.jul.75	6800
1005718	1975	03.jul.75	9000
1005719	1975	04.jul.75	7000
1005720	1975	06.jul.75	2000
1005721	1975	06.jul.75	2000
1005722	1975	07.jul.75	9500
1005723	1975	08.jul.75	6500
1005724	1975	08.jul.75	6500
1005725	1975	08.jul.75	11500
1005727	1975	10.jul.75	7100
1005726	1975	10.jul.75	7200
1005728	1975	11.jul.75	11700
1005730	1975	12.jul.75	6700
1005729	1975	12.jul.75	7000
1005736	1975	13.jul.75	1400
1005735	1975	13.jul.75	1700
1005734	1975	13.jul.75	7800
1005741	1975	15.jul.75	1600
1005749	1975	16.jul.75	1800
1005748	1975	16.jul.75	2100
1005747	1975	16.jul.75	2700
1005762	1975	18.jul.75	2300
1005763	1975	19.jul.75	2300
1005765	1975	19.jul.75	6500
1005773	1975	20.jul.75	7500
1005769	1975	20.jul.75	9700
1005770	1975	20.jul.75	10000
1005774	1975	20.jul.75	11600
1005775	1975	21.jul.75	1400
1005776	1975	21.jul.75	1800
1005777	1975	21.jul.75	7000
1005786	1975	22.jul.75	1100
1005784	1975	22.jul.75	1400
1005781	1975	22.jul.75	1500
1005783	1975	22.jul.75	1500
1005782	1975	22.jul.75	1600
1005785	1975	22.jul.75	1800
1005789	1975	22.jul.75	6700
1005780	1975	22.jul.75	8100
1005787	1975	22.jul.75	8400
1005788	1975	22.jul.75	8400
1005790	1975	23.jul.75	1200
1005797	1975	24.jul.75	1400
1005800	1975	24.jul.75	1900
1005796	1975	24.jul.75	5700
1005798	1975	24.jul.75	8000
1005799	1975	24.jul.75	10000
1005805	1975	25.jul.75	1100
1005803	1975	25.jul.75	1400
1005802	1975	25.jul.75	10800
1005806	1975	26.jul.75	1400
1005808	1975	26.jul.75	1400
1005807	1975	26.jul.75	1800
1005822	1975	28.jul.75	1200
1005821	1975	28.jul.75	1400
1005824	1975	28.jul.75	1500
1005823	1975	28.jul.75	6700
1005827	1975	30.jul.75	700
1005826	1975	30.jul.75	2000
1005830	1975	31.jul.75	2000
1005829	1975	31.jul.75	6700
1005831	1975	31.jul.75	10300
1005828	1975	31.jul.75	13000
1005834	1975	01.aug.75	1300
1005833	1975	01.aug.75	8300
1005835	1975	02.aug.75	1700
1005836	1975	02.aug.75	1800
1005837	1975	02.aug.75	7400
1005838	1975	02.aug.75	11500
1005843	1975	03.aug.75	1300
1005840	1975	03.aug.75	4200
1005841	1975	03.aug.75	4400
1005839	1975	03.aug.75	6300
1005842	1975	03.aug.75	6300
1005844	1975	04.aug.75	1500
1005845	1975	04.aug.75	1700
1005847	1975	05.aug.75	1900
1005846	1975	05.aug.75	2000
1005850	1975	06.aug.75	1700
1005851	1975	06.aug.75	7400
1005853	1975	07.aug.75	1000
1005855	1975	07.aug.75	1300
1005854	1975	07.aug.75	1500
1005856	1975	08.aug.75	1700
1005858	1975	09.aug.75	1700
1005857	1975	09.aug.75	6700
1005862	1975	11.aug.75	1300
1005861	1975	11.aug.75	1700
1005863	1975	11.aug.75	5000
1005865	1975	12.aug.75	1000
1005864	1975	12.aug.75	1500
1005868	1975	14.aug.75	1500
1005870	1975	14.aug.75	1700
1005871	1975	14.aug.75	1800
1005869	1975	14.aug.75	7800
1005872	1975	16.aug.75	1400
1005873	1975	18.aug.75	1600
1005874	1975	21.aug.75	1500
1005876	1976	14.jun.76	7500
1005875	1976	14.jun.76	13800
1005877	1976	15.jun.76	6800
1005880	1976	19.jun.76	5200
1005879	1976	19.jun.76	12800
1005881	1976	22.jun.76	12400
1005882	1976	26.jun.76	1500
1005883	1976	26.jun.76	8200
1005884	1976	27.jun.76	6800
1005885	1976	28.jun.76	9200
1005886	1976	28.jun.76	10700
1005890	1976	29.jun.76	1300
1005888	1976	29.jun.76	7100
1005889	1976	29.jun.76	11200
1005891	1976	01.jul.76	9500
1005892	1976	01.jul.76	15700
1005893	1976	02.jul.76	12000
1005894	1976	03.jul.76	14000
1005897	1976	04.jul.76	1700
1005896	1976	04.jul.76	10000
1005898	1976	05.jul.76	5900
1005899	1976	07.jul.76	6700
1005900	1976	08.jul.76	1700
1005903	1976	10.jul.76	1200
1005902	1976	10.jul.76	1500
1005901	1976	10.jul.76	5700
1005909	1976	12.jul.76	1100
1005908	1976	12.jul.76	1400
1005907	1976	12.jul.76	1500
1005906	1976	12.jul.76	6100
1005905	1976	12.jul.76	7400
1005914	1976	14.jul.76	1100
1005915	1976	14.jul.76	1500
1005916	1976	14.jul.76	1900
1005917	1976	15.jul.76	7000
1005919	1976	15.jul.76	8400
1005922	1976	16.jul.76	1100
1005921	1976	16.jul.76	1700
1005926	1976	16.jul.76	1800
1005927	1976	16.jul.76	5800
1005923	1976	16.jul.76	6600
1005924	1976	16.jul.76	7300
1005928	1976	16.jul.76	11800
1005931	1976	17.jul.76	2000
1005934	1976	17.jul.76	7100
1005942	1976	18.jul.76	1400
1005941	1976	18.jul.76	1500
1005940	1976	18.jul.76	1600
1005944	1976	18.jul.76	2600
1005943	1976	18.jul.76	5500
1005945	1976	18.jul.76	6700
1005939	1976	18.jul.76	6800
1005936	1976	18.jul.76	7500
1005938	1976	18.jul.76	11800
1005948	1976	19.jul.76	1700
1005951	1976	19.jul.76	8600
1005956	1976	20.jul.76	1100
1005960	1976	20.jul.76	1100
1005957	1976	20.jul.76	1400
1005958	1976	20.jul.76	1500
1005959	1976	20.jul.76	2100
1005955	1976	20.jul.76	8700
1005961	1976	21.jul.76	1500
1005962	1976	21.jul.76	1500
1005965	1976	21.jul.76	6400
1005975	1976	22.jul.76	1600
1005974	1976	22.jul.76	8100
1005979	1976	23.jul.76	1600
1005981	1976	23.jul.76	1600
1005987	1976	23.jul.76	1900
1005988	1976	23.jul.76	5800
1005984	1976	23.jul.76	7500
1005983	1976	23.jul.76	13600
1005990	1976	24.jul.76	1600
1005989	1976	24.jul.76	5400
1006001	1976	26.jul.76	1100
1005999	1976	26.jul.76	1300
1005997	1976	26.jul.76	1400
1005998	1976	26.jul.76	1500
1006000	1976	26.jul.76	2000
1006020	1976	28.jul.76	1400
1006022	1976	28.jul.76	1500
1006019	1976	28.jul.76	7800
1006018	1976	28.jul.76	9000
1006017	1976	28.jul.76	13600
1006026	1976	29.jul.76	7600
1006027	1976	30.jul.76	1600
1006028	1976	30.jul.76	1900
1006029	1976	31.jul.76	1000
1006035	1976	31.jul.76	1200
1006030	1976	31.jul.76	2100
1006032	1976	31.jul.76	5700
1006033	1976	31.jul.76	5900
1006031	1976	31.jul.76	6700
1006034	1976	31.jul.76	7700
1006036	1976	31.jul.76	15700
1006040	1976	01.aug.76	1000
1006037	1976	01.aug.76	1500
1006038	1976	01.aug.76	1600
1006039	1976	01.aug.76	1800
1006042	1976	02.aug.76	2100
1006041	1976	02.aug.76	7100
1006043	1976	02.aug.76	12800
1006048	1976	03.aug.76	1600
1006044	1976	03.aug.76	3600
1006046	1976	03.aug.76	5500
1006047	1976	03.aug.76	7200
1006049	1976	04.aug.76	1200
1006053	1976	04.aug.76	1400
1006051	1976	04.aug.76	6200
1006056	1976	04.aug.76	6200
1006052	1976	04.aug.76	6800
1006050	1976	04.aug.76	9300
1006057	1976	05.aug.76	1200
1006066	1976	05.aug.76	1600
1006065	1976	05.aug.76	2000
1006064	1976	05.aug.76	6000
1006067	1976	06.aug.76	7800
1006070	1976	07.aug.76	1200
1006069	1976	07.aug.76	1500
1006071	1976	07.aug.76	6300
1006072	1976	08.aug.76	1100
1006076	1976	08.aug.76	1400
1006077	1976	09.aug.76	1400
1006081	1976	09.aug.76	1800
1006080	1976	09.aug.76	2100
1006085	1976	11.aug.76	1700
1006092	1976	17.aug.76	6700
1006093	1976	18.aug.76	7300
1006094	1976	18.aug.76	7500
1006097	1976	19.aug.76	6700
1006096	1976	19.aug.76	10100
1006095	1976	19.aug.76	12500
1006098	1976	20.aug.76	7800
1006101	1976	23.aug.76	5700
1006108	1976	23.aug.76	9000
1006109	1976	23.aug.76	11100
1006110	1976	24.aug.76	700
1006118	1977	15.jun.77	10000
1006120	1977	20.jun.77	9800
1006122	1977	24.jun.77	10800
1006123	1977	25.jun.77	10600
1006125	1977	01.jul.77	11200
1006124	1977	01.jul.77	14100
1006127	1977	02.jul.77	2000
1006126	1977	02.jul.77	6400
1006128	1977	05.jul.77	1200
1006129	1977	05.jul.77	16600
1006131	1977	07.jul.77	1500
1006130	1977	07.jul.77	6400
1006132	1977	10.jul.77	7000
1006134	1977	15.jul.77	1700
1006136	1977	15.jul.77	5000
1006142	1977	17.jul.77	1300
1006137	1977	17.jul.77	1400
1006143	1977	17.jul.77	1700
1006147	1977	18.jul.77	1400
1006146	1977	18.jul.77	2500
1006145	1977	18.jul.77	10000
1006148	1977	19.jul.77	1400
1006155	1977	21.jul.77	1700
1006154	1977	21.jul.77	1800
1006158	1977	21.jul.77	1900
1006161	1977	21.jul.77	2800
1006157	1977	21.jul.77	3000
1006159	1977	21.jul.77	5800
1006160	1977	21.jul.77	9400
1006162	1977	22.jul.77	1400
1006167	1977	23.jul.77	1600
1006166	1977	23.jul.77	2200
1006168	1977	23.jul.77	7500
1006171	1977	25.jul.77	1400
1006170	1977	25.jul.77	7300
1006181	1977	29.jul.77	1200
1006182	1977	29.jul.77	1200
1006179	1977	29.jul.77	1400
1006180	1977	29.jul.77	1400
1006177	1977	29.jul.77	1500
1006178	1977	29.jul.77	1800
1006183	1977	30.jul.77	6800
1006185	1977	31.jul.77	1300
1006184	1977	31.jul.77	6500
1006191	1977	02.aug.77	1700
1006201	1977	04.aug.77	1300
1006200	1977	04.aug.77	1600
1006202	1977	04.aug.77	1800
1006203	1977	04.aug.77	1800
1006204	1977	04.aug.77	6500
1006206	1977	05.aug.77	1600
1006208	1977	05.aug.77	5300
1006207	1977	05.aug.77	5800
1006205	1977	05.aug.77	7400
1006210	1977	06.aug.77	1500
1006209	1977	06.aug.77	7600
1006211	1977	07.aug.77	2200
1006213	1977	08.aug.77	1700
1006214	1977	09.aug.77	1400
1006218	1977	10.aug.77	1500
1006221	1977	12.aug.77	1400
1006222	1977	13.aug.77	2600
1006223	1977	14.aug.77	1600
1006225	1977	21.aug.77	1700
1006226	1977	21.aug.77	1800
1006224	1977	21.aug.77	7800
1006246	1978	23.jun.78	1200
1006250	1978	10.jul.78	1500
1006253	1978	10.jul.78	1500
1006254	1978	10.jul.78	1500
1006249	1978	10.jul.78	1600
1006248	1978	10.jul.78	7100
1006259	1978	11.jul.78	1300
1006260	1978	12.jul.78	1200
1006263	1978	12.jul.78	1500
1006264	1978	12.jul.78	1600
1006266	1978	12.jul.78	1600
1006267	1978	12.jul.78	1600
1006268	1978	12.jul.78	1600
1006275	1978	12.jul.78	1600
1006280	1978	12.jul.78	1600
1006281	1978	12.jul.78	1600
1006265	1978	12.jul.78	1700
1006269	1978	12.jul.78	1700
1006293	1978	14.jul.78	1500
1006292	1978	14.jul.78	1800
1006300	1978	15.jul.78	1100
1006298	1978	15.jul.78	1500
1006299	1978	15.jul.78	1600
1006303	1978	17.jul.78	1300
1006306	1978	17.jul.78	1500
1006304	1978	17.jul.78	1600
1006312	1978	18.jul.78	1400
1006308	1978	18.jul.78	1600
1006314	1978	18.jul.78	1800
1006307	1978	18.jul.78	7000
1006321	1978	20.jul.78	1400
1006328	1978	21.jul.78	1500
1006334	1978	22.jul.78	1300
1006329	1978	22.jul.78	1400
1006332	1978	22.jul.78	1400
1006336	1978	23.jul.78	1200
1006345	1978	24.jul.78	1500
1006346	1978	24.jul.78	1500
1006349	1978	25.jul.78	1400
1006348	1978	25.jul.78	7200
1006354	1978	26.jul.78	1200
1006355	1978	26.jul.78	1300
1006357	1978	26.jul.78	1500
1006370	1978	26.jul.78	1500
1006369	1978	26.jul.78	1600
1006379	1978	27.jul.78	1400
1006380	1978	27.jul.78	1400
1006398	1978	28.jul.78	1000
1006401	1978	28.jul.78	1000
1006402	1978	28.jul.78	1000
1006389	1978	28.jul.78	1300
1006388	1978	28.jul.78	1400
1006395	1978	28.jul.78	1600
1006387	1978	28.jul.78	1700
1006409	1978	30.jul.78	1200
1006410	1978	30.jul.78	1200
1006423	1978	01.aug.78	1300
1006424	1978	01.aug.78	1400
1006427	1978	01.aug.78	1400
1006426	1978	01.aug.78	1800
1006433	1978	02.aug.78	1600
1006432	1978	02.aug.78	8700
1006436	1978	03.aug.78	1200
1006435	1978	03.aug.78	1400
1006434	1978	03.aug.78	7200
1006440	1978	05.aug.78	1200
1006439	1978	05.aug.78	2700
1006441	1978	06.aug.78	1200
1006442	1978	06.aug.78	1400
1006443	1978	06.aug.78	1500
1006445	1979	08.jul.79	1200
1006444	1979	08.jul.79	1600
1006448	1979	08.jul.79	1600
1006449	1979	08.jul.79	1600
1006450	1979	08.jul.79	1600
1006451	1979	08.jul.79	1600
1006452	1979	08.jul.79	1600
1006453	1979	08.jul.79	1600
1006454	1979	08.jul.79	1600
1006455	1979	08.jul.79	1600
1006457	1979	10.jul.79	1600
1006456	1979	10.jul.79	1800
1006458	1979	10.jul.79	10000
1006459	1979	12.jul.79	1600
1006460	1979	14.jul.79	2000
1006465	1979	15.jul.79	1600
1006467	1979	15.jul.79	9700
1006469	1979	16.jul.79	1400
1006472	1979	16.jul.79	1500
1006477	1979	17.jul.79	2600
1006483	1979	18.jul.79	1400
1006482	1979	18.jul.79	1900
1006478	1979	18.jul.79	2000
1006484	1979	19.jul.79	11000
1006485	1979	20.jul.79	1400
1006487	1979	21.jul.79	12300
1006490	1979	22.jul.79	1900
1006488	1979	22.jul.79	2000
1006493	1979	24.jul.79	1400
1006494	1979	24.jul.79	1400
1006496	1979	24.jul.79	1800
1006497	1979	26.jul.79	1200
1006499	1979	27.jul.79	1700
1006506	1979	30.jul.79	1400
1006504	1979	30.jul.79	1500
1006505	1979	30.jul.79	2000
1006508	1979	04.aug.79	1800
1006510	1979	05.aug.79	1300
1006512	1979	05.aug.79	1700
1006511	1979	05.aug.79	7300
1006514	1979	06.aug.79	1700
1006515	1979	06.aug.79	1800
1006517	1979	07.aug.79	1700
1006516	1979	07.aug.79	1900
1006520	1979	08.aug.79	1100
1006519	1979	08.aug.79	1400
1006522	1979	08.aug.79	1600
1006521	1979	08.aug.79	1900
1006523	1979	09.aug.79	1400
1006524	1979	09.aug.79	1500
1006525	1979	09.aug.79	1500
1006526	1980	08.jun.80	1400
1006527	1980	11.jun.80	7500
1006528	1980	17.jun.80	7400
1006529	1980	20.jun.80	12700
1006530	1980	22.jun.80	10600
1006531	1980	27.jun.80	9500
1006532	1980	30.jun.80	12900
1006534	1980	05.jul.80	700
1006535	1980	08.jul.80	1400
1006536	1980	10.jul.80	1200
1006537	1980	11.jul.80	1500
1006549	1980	20.jul.80	9000
1006551	1980	21.jul.80	8000
1006554	1980	22.jul.80	8300
1006558	1980	24.jul.80	1400
1006559	1980	24.jul.80	6100
1006560	1980	26.jul.80	5700
1006570	1980	03.aug.80	1400
1006573	1980	06.aug.80	1800
1006574	1980	06.aug.80	11600
1006575	1980	06.aug.80	12300
1006576	1980	07.aug.80	7400
1006577	1980	10.aug.80	5600
1006579	1980	25.aug.80	2300
1006581	1980	28.aug.80	1500
1006580	1980	28.aug.80	5200
1006583	1980	29.aug.80	1500
1006582	1980	29.aug.80	2500
1006586	1981	21.jun.81	11100
1006587	1981	23.jun.81	700
1006588	1981	26.jun.81	7600
1006589	1981	29.jun.81	10600
1006590	1981	30.jun.81	1600
1006591	1981	03.jul.81	1400
1006593	1981	04.jul.81	1000
1006594	1981	04.jul.81	9000
1006595	1981	04.jul.81	14000
1006596	1981	05.jul.81	1100
1006599	1981	05.jul.81	7000
1006597	1981	05.jul.81	14600
1006598	1981	05.jul.81	15000
1006602	1981	07.jul.81	1400
1006605	1981	09.jul.81	10400
1006606	1981	09.jul.81	13700
1006611	1981	12.jul.81	9100
1006612	1981	13.jul.81	11300
1006615	1981	14.jul.81	9000
1006614	1981	14.jul.81	10000
1006616	1981	14.jul.81	12200
1006617	1981	16.jul.81	13000
1006620	1981	17.jul.81	5500
1006622	1981	17.jul.81	9500
1006626	1981	19.jul.81	2200
1006631	1981	21.jul.81	1100
1006633	1981	21.jul.81	4600
1006632	1981	21.jul.81	5400
1006627	1981	21.jul.81	8800
1006628	1981	21.jul.81	10800
1006629	1981	21.jul.81	11500
1006630	1981	21.jul.81	14600
1006636	1981	27.jul.81	2200
1006637	1981	27.jul.81	5700
1006638	1981	31.jul.81	10700
1006644	1981	06.aug.81	12600
1006645	1981	08.aug.81	1400
1006646	1981	09.aug.81	1000
1006647	1981	10.aug.81	1500
1006648	1981	10.aug.81	8000
1006650	1981	15.aug.81	10400
1006652	1981	16.aug.81	1400
1006653	1981	16.aug.81	1500
1006657	1981	17.aug.81	2700
1006655	1981	17.aug.81	5700
1006656	1981	17.aug.81	5900
1006654	1981	17.aug.81	10500
1006658	1981	17.aug.81	11000
1006660	1981	19.aug.81	7700
1006659	1981	19.aug.81	12300
1006661	1981	19.aug.81	13200
1006662	1981	20.aug.81	8900
1006663	1981	21.aug.81	8000
1006664	1981	23.aug.81	7500
1006667	1981	24.aug.81	1300
1006665	1981	24.aug.81	1800
1006666	1981	24.aug.81	8200
1006668	1981	28.aug.81	1300
1006669	1981	29.aug.81	8300
1006670	1982	11.jun.82	11000
1006671	1982	15.jun.82	11200
1006673	1982	04.jul.82	10000
1006677	1982	06.jul.82	5200
1006676	1982	06.jul.82	11000
1006679	1982	09.jul.82	10500
1006680	1982	10.jul.82	8300
1006681	1982	12.jul.82	10500
1006682	1982	12.jul.82	10700
1006684	1982	16.jul.82	3300
1006685	1982	16.jul.82	6100
1006686	1982	17.jul.82	9800
1006688	1982	18.jul.82	2300
1006689	1982	21.jul.82	12000
1006691	1982	22.jul.82	1700
1006693	1982	27.jul.82	11800
1006695	1982	28.jul.82	2100
1006705	1983	03.jun.83	9500
1006708	1983	11.jun.83	1300
1006711	1983	14.jun.83	9700
1006712	1983	15.jun.83	19000
1006716	1983	24.jun.83	10000
1006719	1983	29.jun.83	9600
1006722	1983	01.jul.83	1600
1006727	1983	03.jul.83	6000
1006729	1983	05.jul.83	6500
1006742	1983	09.jul.83	1400
1006743	1983	10.jul.83	10900
1006744	1983	11.jul.83	9200
1006745	1983	11.jul.83	11600
1006751	1983	13.jul.83	1200
1006749	1983	13.jul.83	5900
1006750	1983	13.jul.83	7600
1006748	1983	13.jul.83	13200
1006752	1983	15.jul.83	1600
1006753	1983	15.jul.83	1600
1006755	1983	17.jul.83	1600
1006759	1983	19.jul.83	1300
1006760	1983	19.jul.83	1400
1006761	1983	19.jul.83	1400
1006757	1983	19.jul.83	2000
1006762	1983	19.jul.83	14000
1006765	1983	20.jul.83	1700
1006766	1983	20.jul.83	6700
1006764	1983	20.jul.83	6900
1006763	1983	20.jul.83	7300
1006767	1983	21.jul.83	1100
1006768	1983	21.jul.83	11000
1006770	1983	23.jul.83	1400
1006769	1983	23.jul.83	1700
1006771	1983	23.jul.83	7300
1006772	1983	27.jul.83	8300
1006773	1983	27.jul.83	9600
1006774	1983	28.jul.83	5700
1006777	1983	28.jul.83	6900
1006775	1983	28.jul.83	12300
1006781	1983	29.jul.83	1900
1006780	1983	29.jul.83	5000
1006778	1983	29.jul.83	5800
1006783	1983	30.jul.83	1300
1006786	1983	30.jul.83	3900
1006784	1983	30.jul.83	5300
1006787	1983	30.jul.83	5700
1006782	1983	30.jul.83	6500
1006785	1983	30.jul.83	7500
1006792	1983	31.jul.83	1100
1006791	1983	31.jul.83	7000
1006788	1983	31.jul.83	9600
1006790	1983	31.jul.83	9900
1006789	1983	31.jul.83	12400
1006798	1983	01.aug.83	1300
1006795	1983	01.aug.83	8200
1006796	1983	01.aug.83	12100
1006800	1983	02.aug.83	1100
1006801	1983	02.aug.83	1300
1006803	1983	02.aug.83	2000
1006802	1983	02.aug.83	6400
1006804	1983	03.aug.83	1800
1006806	1983	03.aug.83	8200
1006805	1983	03.aug.83	9700
1006808	1983	04.aug.83	1800
1006807	1983	04.aug.83	6000
1006810	1983	04.aug.83	7000
1006811	1983	05.aug.83	6000
1006812	1983	07.aug.83	5500
1006814	1983	08.aug.83	1500
1006813	1983	08.aug.83	5800
1006816	1983	09.aug.83	9500
1006817	1983	11.aug.83	1100
1006818	1983	12.aug.83	7200
1006820	1983	14.aug.83	1400
1006821	1983	14.aug.83	6000
1006819	1983	14.aug.83	8600
1006822	1983	14.aug.83	13000
1006824	1983	15.aug.83	6000
1006823	1983	15.aug.83	6600
1006825	1983	15.aug.83	12200
1006826	1983	16.aug.83	9300
1006829	1983	17.aug.83	6500
1006831	1983	19.aug.83	6400
1006832	1983	20.aug.83	1600
1006833	1983	23.aug.83	1100
1006835	1983	30.aug.83	1500
1006834	1983	30.aug.83	5700
1006836	1984	19.jun.84	10000
1006837	1984	22.jun.84	8000
1006838	1984	22.jun.84	10600
1006839	1984	23.jun.84	11400
1006840	1984	24.jun.84	11800
1006841	1984	25.jun.84	8500
1006844	1984	27.jun.84	5000
1006843	1984	27.jun.84	8400
1006847	1984	06.jul.84	11000
1006850	1984	09.jul.84	1900
1006856	1984	11.jul.84	6000
1006854	1984	11.jul.84	6700
1006859	1984	12.jul.84	6000
1006857	1984	12.jul.84	6800
1006860	1984	12.jul.84	10200
1006861	1984	13.jul.84	6600
1006863	1984	13.jul.84	10300
1006862	1984	13.jul.84	11200
1006867	1984	15.jul.84	1600
1006866	1984	15.jul.84	9200
1006865	1984	15.jul.84	9700
1006868	1984	16.jul.84	14000
1006869	1984	17.jul.84	1500
1006873	1984	21.jul.84	7700
1006872	1984	21.jul.84	8800
1006876	1984	23.jul.84	1400
1006877	1984	23.jul.84	1400
1006884	1984	29.jul.84	1300
1006885	1984	29.jul.84	9700
1006886	1984	31.jul.84	6500
1006887	1984	04.aug.84	7400
1006888	1984	07.aug.84	10000
1006897	1984	10.aug.84	1500
1006898	1984	12.aug.84	1200
1006899	1984	12.aug.84	11100
1006904	1984	13.aug.84	9700
1006911	1984	14.aug.84	10000
1006923	1984	16.aug.84	6000
1006924	1984	17.aug.84	7100
1006931	1985	04.jun.85	10400
1006932	1985	12.jun.85	11700
1006934	1985	19.jun.85	9500
1006935	1985	19.jun.85	10700
1006936	1985	21.jun.85	1600
1006937	1985	22.jun.85	1600
1006938	1985	23.jun.85	16000
1006940	1985	25.jun.85	13200
1006942	1985	29.jun.85	900
1006943	1985	29.jun.85	11100
1006944	1985	29.jun.85	14900
1006945	1985	06.jul.85	1900
1006950	1985	11.jul.85	1500
1006951	1985	14.jul.85	1900
1006952	1985	15.jul.85	6200
1006954	1985	16.jul.85	1200
1006953	1985	16.jul.85	8200
1006955	1985	17.jul.85	1100
1006956	1985	17.jul.85	1100
1006957	1985	17.jul.85	1100
1006958	1985	18.jul.85	11400
1006959	1985	19.jul.85	1500
1006961	1985	20.jul.85	1800
1006962	1985	21.jul.85	1500
1006963	1985	21.jul.85	1600
1006964	1985	21.jul.85	1600
1006970	1985	21.jul.85	1600
1006972	1985	24.jul.85	1600
1006971	1985	24.jul.85	2800
1006980	1985	25.jul.85	1800
1006983	1985	26.jul.85	1500
1006991	1985	28.jul.85	1400
1006990	1985	28.jul.85	1900
1006996	1985	29.jul.85	1600
1006997	1985	29.jul.85	1600
1007002	1985	31.jul.85	1400
1006998	1985	31.jul.85	1600
1006999	1985	31.jul.85	1600
1007001	1985	31.jul.85	9300
1007003	1985	01.aug.85	1400
1007005	1985	02.aug.85	1300
1007007	1985	04.aug.85	1600
1007008	1985	05.aug.85	1500
1007013	1985	06.aug.85	1600
1007014	1985	06.aug.85	1600
1007016	1985	08.aug.85	1500
1007017	1985	08.aug.85	1500
1007020	1985	08.aug.85	1500
1007018	1985	08.aug.85	1600
1007019	1985	08.aug.85	1700
1007021	1985	09.aug.85	1600
1007025	1985	10.aug.85	1000
1007028	1985	10.aug.85	1000
1007026	1985	10.aug.85	1500
1007029	1985	12.aug.85	1600
1007030	1985	12.aug.85	1600
1007033	1985	14.aug.85	1300
1007031	1985	14.aug.85	1700
1007032	1985	14.aug.85	1700
1007034	1985	16.aug.85	1700
1007035	1985	16.aug.85	6000
1007036	1985	17.aug.85	1700
1007037	1985	18.aug.85	1200
1007038	1985	18.aug.85	1200
1007039	1985	19.aug.85	1200
1007040	1985	19.aug.85	1200
1007041	1985	19.aug.85	1600
1007042	1985	19.aug.85	1700
1007043	1985	19.aug.85	1800
1007044	1986	04.jun.86	1000
1007048	1986	26.jun.86	2600
1007047	1986	26.jun.86	5200
1007049	1986	26.jun.86	9700
1007052	1986	03.jul.86	2400
1007065	1986	07.jul.86	500
1007069	1986	09.jul.86	1000
1007075	1986	10.jul.86	1500
1007079	1986	10.jul.86	6800
1007082	1986	12.jul.86	1600
1007094	1986	16.jul.86	2000
1007104	1986	18.jul.86	1300
1007102	1986	18.jul.86	2000
1007103	1986	18.jul.86	7400
1007106	1986	28.jul.86	1200
1007107	1986	28.jul.86	1200
1007109	1986	01.aug.86	1000
1007110	1986	03.aug.86	1300
1007113	1986	06.aug.86	1000
1007112	1986	06.aug.86	8400
1007115	1986	07.aug.86	1000
1007114	1986	07.aug.86	1400
1007117	1986	09.aug.86	1400
1007118	1986	10.aug.86	8600
1007119	1986	11.aug.86	1500
1007120	1986	18.aug.86	6700
1007124	1986	19.aug.86	1400
1007123	1986	19.aug.86	9400
1007125	1986	21.aug.86	2400
1007127	1986	21.aug.86	7500
1007126	1986	21.aug.86	8200
1007128	1986	21.aug.86	13300
1007129	1986	23.aug.86	1500
1007130	1986	23.aug.86	2000
1007137	1986	27.aug.86	1800
1007140	1986	31.aug.86	1500
1007141	1986	31.aug.86	1800
302094	1987	02.jun.87	5000
302095	1987	02.jun.87	5800
302096	1987	10.jun.87	11000
302097	1987	11.jun.87	8300
302100	1987	17.jun.87	10200
302101	1987	19.jun.87	7000
302102	1987	19.jun.87	7200
302105	1987	27.jun.87	5300
302106	1987	27.jun.87	7700
302108	1987	28.jun.87	2000
302111	1987	01.jul.87	5100
302110	1987	01.jul.87	8100
302112	1987	01.jul.87	13000
302114	1987	02.jul.87	5400
302113	1987	02.jul.87	13600
302115	1987	03.jul.87	9500
302116	1987	03.jul.87	12300
302120	1987	04.jul.87	10700
302121	1987	05.jul.87	9600
302023	1987	08.jul.87	11800
302022	1987	08.jul.87	13000
302126	1987	09.jul.87	11300
302128	1987	10.jul.87	1600
302135	1987	11.jul.87	15000
302144	1987	15.jul.87	5000
302143	1987	15.jul.87	7000
302146	1987	15.jul.87	7100
302145	1987	15.jul.87	11000
302155	1987	16.jul.87	1200
302157	1987	16.jul.87	3500
302156	1987	16.jul.87	7500
302164	1987	17.jul.87	1800
302161	1987	17.jul.87	3000
302163	1987	17.jul.87	10100
302179	1987	19.jul.87	2200
302178	1987	19.jul.87	8000
302177	1987	19.jul.87	12400
302181	1987	20.jul.87	2000
302182	1987	20.jul.87	10700
302184	1987	21.jul.87	1300
302185	1987	21.jul.87	1600
302186	1987	22.jul.87	1600
302187	1987	23.jul.87	5800
302188	1987	23.jul.87	5800
302189	1987	23.jul.87	11200
302194	1987	24.jul.87	3500
302193	1987	24.jul.87	8300
302195	1987	24.jul.87	9500
302198	1987	25.jul.87	1300
302199	1987	25.jul.87	8500
302202	1987	26.jul.87	1400
302208	1987	26.jul.87	1900
302207	1987	26.jul.87	2400
302201	1987	26.jul.87	6100
302206	1987	26.jul.87	6300
302203	1987	26.jul.87	7300
302204	1987	26.jul.87	9000
302205	1987	26.jul.87	10800
302215	1987	27.jul.87	1700
302214	1987	27.jul.87	12250
302225	1987	28.jul.87	1400
302226	1987	28.jul.87	8500
302227	1987	28.jul.87	12600
302231	1987	29.jul.87	2000
302025	1987	29.jul.87	13000
302242	1987	31.jul.87	9200
302245	1987	01.aug.87	3200
302244	1987	01.aug.87	9500
302250	1987	02.aug.87	1400
302254	1987	03.aug.87	1950
302276	1987	06.aug.87	750
302277	1987	06.aug.87	7200
302288	1987	07.aug.87	2000
302287	1987	07.aug.87	12000
302307	1987	10.aug.87	1900
302093	1987	10.aug.87	2100
302312	1987	11.aug.87	2000
302319	1987	14.aug.87	6800
302320	1987	16.aug.87	1200
302322	1987	16.aug.87	1400
302325	1987	16.aug.87	1500
302321	1987	16.aug.87	1500
302326	1987	16.aug.87	2000
302324	1987	16.aug.87	2700
302323	1987	16.aug.87	10000
302328	1987	17.aug.87	1100
302330	1987	17.aug.87	1600
302331	1987	17.aug.87	1800
302329	1987	17.aug.87	2400
302333	1987	18.aug.87	6000
302332	1987	18.aug.87	8800
302334	1987	19.aug.87	5500
302336	1987	20.aug.87	1500
302335	1987	20.aug.87	12400
302344	1987	22.aug.87	6500
302352	1987	26.aug.87	2300
302362	1987	27.aug.87	3200
302361	1987	27.aug.87	3300
302364	1987	27.aug.87	3400
302363	1987	27.aug.87	6350
302365	1987	27.aug.87	7800
302360	1987	27.aug.87	10400
302371	1987	28.aug.87	1500
302372	1987	28.aug.87	9500
302382	1987	29.aug.87	1000
302378	1987	29.aug.87	1200
302376	1987	29.aug.87	1300
302377	1987	29.aug.87	1300
302383	1987	29.aug.87	1500
302380	1987	29.aug.87	1900
302375	1987	29.aug.87	8600
302381	1987	29.aug.87	10000
302379	1987	29.aug.87	11500
302389	1987	30.aug.87	1000
302390	1987	30.aug.87	1300
302388	1987	30.aug.87	9000
302395	1987	31.aug.87	3000
302060	1988	18.jun.88	8400
302401	1988	01.jul.88	1200
302415	1988	03.jul.88	1200
302417	1988	07.jul.88	1200
302418	1988	07.jul.88	15500
302427	1988	09.jul.88	3000
302428	1988	12.jul.88	1000
302437	1988	14.jul.88	1500
302440	1988	15.jul.88	6600
302439	1988	15.jul.88	10500
302061	1988	20.jul.88	11500
302467	1988	24.jul.88	1500
302480	1988	25.jul.88	7000
302483	1988	26.jul.88	1200
302484	1988	26.jul.88	1200
302485	1988	26.jul.88	2000
302489	1988	27.jul.88	1000
302491	1988	27.jul.88	2100
302490	1988	27.jul.88	2300
302500	1988	28.jul.88	1200
302501	1988	28.jul.88	1200
302502	1988	28.jul.88	1500
302503	1988	28.jul.88	1800
302519	1988	29.jul.88	1200
302520	1988	29.jul.88	1500
302523	1988	30.jul.88	1400
302525	1988	30.jul.88	5500
302524	1988	30.jul.88	12000
302532	1988	01.aug.88	1300
302533	1988	01.aug.88	1500
302531	1988	01.aug.88	6400
302535	1988	02.aug.88	1300
302536	1988	02.aug.88	1600
302541	1988	03.aug.88	1600
302549	1988	04.aug.88	1100
302550	1988	04.aug.88	1100
302551	1988	04.aug.88	1200
302548	1988	04.aug.88	1400
302552	1988	04.aug.88	1400
302559	1988	06.aug.88	1000
302561	1988	06.aug.88	1300
302560	1988	06.aug.88	6500
302573	1988	07.aug.88	1500
302574	1988	07.aug.88	11500
302599	1988	09.aug.88	10000
302621	1988	12.aug.88	583
302618	1988	12.aug.88	5300
302619	1988	12.aug.88	11500
302632	1988	15.aug.88	13000
302639	1988	16.aug.88	1500
302638	1988	16.aug.88	6000
302637	1988	16.aug.88	8000
302646	1988	17.aug.88	7000
302647	1988	17.aug.88	9700
302652	1988	10.sep.88	10400
302704	1989	05.jun.89	4300
302659	1989	18.jun.89	13500
302660	1989	20.jun.89	12000
302661	1989	22.jun.89	2000
302665	1989	25.jun.89	4000
302666	1989	26.jun.89	3500
302681	1989	29.jun.89	2200
302695	1989	03.jul.89	2100
302693	1989	03.jul.89	2400
302694	1989	03.jul.89	3500
302703	1989	05.jul.89	2200
302702	1989	05.jul.89	9600
302708	1989	06.jul.89	1800
302705	1989	06.jul.89	8200
302706	1989	06.jul.89	8900
302707	1989	06.jul.89	9800
302710	1989	07.jul.89	1500
302709	1989	07.jul.89	2700
302717	1989	08.jul.89	5000
302720	1989	09.jul.89	1900
302722	1989	09.jul.89	3100
302721	1989	09.jul.89	7000
302723	1989	10.jul.89	9700
302725	1989	11.jul.89	2000
302727	1989	12.jul.89	1300
302728	1989	12.jul.89	5150
302726	1989	12.jul.89	6200
302733	1989	13.jul.89	1400
302732	1989	13.jul.89	7400
302731	1989	13.jul.89	9500
302736	1989	14.jul.89	8000
302741	1989	15.jul.89	1200
302743	1989	15.jul.89	3000
302742	1989	15.jul.89	10200
302750	1989	16.jul.89	1700
302745	1989	16.jul.89	2060
302749	1989	16.jul.89	9000
302748	1989	16.jul.89	9800
302747	1989	16.jul.89	11300
302746	1989	16.jul.89	14000
302758	1989	17.jul.89	1800
302753	1989	17.jul.89	2250
302760	1989	17.jul.89	2400
302757	1989	17.jul.89	2900
302754	1989	17.jul.89	8600
302755	1989	17.jul.89	9700
302756	1989	17.jul.89	11000
302759	1989	17.jul.89	13300
302763	1989	18.jul.89	1200
302764	1989	18.jul.89	10300
302762	1989	18.jul.89	10300
302768	1989	19.jul.89	3400
302765	1989	19.jul.89	6000
302766	1989	19.jul.89	9500
302767	1989	19.jul.89	12100
302773	1989	20.jul.89	4000
302772	1989	20.jul.89	8000
302771	1989	20.jul.89	9000
302777	1989	21.jul.89	8000
302778	1989	21.jul.89	9500
302782	1989	22.jul.89	2300
302783	1989	22.jul.89	11000
302790	1989	23.jul.89	9100
302800	1989	24.jul.89	2800
302801	1989	24.jul.89	9500
302810	1989	25.jul.89	1300
302812	1989	25.jul.89	1600
302813	1989	25.jul.89	2400
302811	1989	25.jul.89	2900
302814	1989	25.jul.89	3700
302062	1989	25.jul.89	10000
302825	1989	26.jul.89	5600
302824	1989	26.jul.89	9300
302826	1989	26.jul.89	11000
303058	1989	27.jul.89	10700
302832	1989	28.jul.89	1175
302831	1989	28.jul.89	1400
302835	1989	28.jul.89	6400
302834	1989	28.jul.89	6700
302833	1989	28.jul.89	10000
302843	1989	29.jul.89	2500
302844	1989	29.jul.89	9200
302853	1989	30.jul.89	7000
302857	1989	30.jul.89	8000
302856	1989	30.jul.89	9200
302855	1989	30.jul.89	9400
302854	1989	30.jul.89	11000
302866	1989	31.jul.89	1300
302026	1989	31.jul.89	2000
302865	1989	31.jul.89	2600
302864	1989	31.jul.89	2700
302867	1989	31.jul.89	11000
302881	1989	02.aug.89	4200
302880	1989	02.aug.89	6400
302879	1989	02.aug.89	8900
302063	1989	02.aug.89	13000
302886	1989	03.aug.89	2000
302887	1989	03.aug.89	3400
302885	1989	03.aug.89	5400
302888	1989	03.aug.89	10300
302891	1989	04.aug.89	1800
302893	1989	04.aug.89	8000
302892	1989	04.aug.89	10700
302894	1989	04.aug.89	11600
302903	1989	05.aug.89	1700
302902	1989	05.aug.89	6600
302900	1989	05.aug.89	7200
302901	1989	05.aug.89	10500
302905	1989	06.aug.89	1400
302906	1989	06.aug.89	2020
302907	1989	06.aug.89	3000
302904	1989	06.aug.89	3200
302912	1989	07.aug.89	2100
302924	1989	08.aug.89	2100
302923	1989	08.aug.89	2200
302921	1989	08.aug.89	10600
302920	1989	08.aug.89	12000
302922	1989	08.aug.89	12000
302936	1989	10.aug.89	2400
302935	1989	10.aug.89	7500
302934	1989	10.aug.89	7500
302937	1989	10.aug.89	12500
302939	1989	11.aug.89	1800
302941	1989	11.aug.89	2800
302940	1989	11.aug.89	3200
302944	1989	12.aug.89	3100
302945	1989	12.aug.89	3800
302943	1989	12.aug.89	9900
302946	1989	13.aug.89	1250
302947	1989	13.aug.89	2200
302951	1989	14.aug.89	2500
302953	1989	14.aug.89	5600
302952	1989	14.aug.89	14300
302958	1989	15.aug.89	2600
302957	1989	15.aug.89	6000
302955	1989	15.aug.89	7000
302956	1989	15.aug.89	12500
302963	1989	16.aug.89	5000
302962	1989	16.aug.89	6600
302961	1989	16.aug.89	10500
302960	1989	16.aug.89	13000
302967	1989	17.aug.89	2000
302966	1989	17.aug.89	3600
302977	1989	18.aug.89	3000
302976	1989	18.aug.89	3700
302989	1989	19.aug.89	1800
302996	1989	21.aug.89	1500
303000	1989	22.aug.89	1350
303008	1989	25.aug.89	1600
303039	1989	01.sep.89	5300
303043	1989	08.sep.89	2500
303045	1989	08.sep.89	2500
303044	1989	08.sep.89	2500
303042	1989	08.sep.89	2500
303046	1989	08.sep.89	2800
303040	1989	08.sep.89	8500
303041	1989	08.sep.89	9500
303073	1990	27.jun.90	3900
303074	1990	28.jun.90	2400
303075	1990	01.jul.90	6800
303076	1990	03.jul.90	6400
303086	1990	06.jul.90	6000
303088	1990	07.jul.90	1500
303089	1990	08.jul.90	1400
303100	1990	12.jul.90	6000
303103	1990	13.jul.90	3500
303107	1990	14.jul.90	5700
303113	1990	15.jul.90	7400
303114	1990	15.jul.90	9300
303116	1990	16.jul.90	3450
303115	1990	16.jul.90	4500
303117	1990	17.jul.90	1500
303118	1990	17.jul.90	2100
303123	1990	18.jul.90	900
303457	1990	18.jul.90	2800
303128	1990	19.jul.90	2100
303144	1990	20.jul.90	1600
303145	1990	20.jul.90	1800
303141	1990	20.jul.90	3500
303143	1990	20.jul.90	5700
303142	1990	20.jul.90	7900
303161	1990	22.jul.90	8800
303172	1990	23.jul.90	2000
303171	1990	23.jul.90	3000
303195	1990	25.jul.90	1400
303197	1990	25.jul.90	2200
303198	1990	25.jul.90	2600
303196	1990	25.jul.90	3500
303216	1990	26.jul.90	2400
303215	1990	26.jul.90	6100
303214	1990	26.jul.90	7800
303213	1990	26.jul.90	10200
303232	1990	27.jul.90	1200
303227	1990	27.jul.90	1600
303231	1990	27.jul.90	2800
303229	1990	27.jul.90	5900
303228	1990	27.jul.90	6200
303230	1990	27.jul.90	9700
303238	1990	28.jul.90	1300
303237	1990	28.jul.90	7600
303257	1990	29.jul.90	7900
303256	1990	29.jul.90	8400
303272	1990	30.jul.90	1800
303273	1990	30.jul.90	8500
303315	1990	01.aug.90	2000
303316	1990	01.aug.90	2000
303314	1990	01.aug.90	2000
303312	1990	01.aug.90	5300
303317	1990	01.aug.90	5300
303313	1990	01.aug.90	7750
303328	1990	02.aug.90	2500
303336	1990	03.aug.90	2300
303335	1990	03.aug.90	8000
303340	1990	04.aug.90	2000
303343	1990	05.aug.90	1700
303346	1990	06.aug.90	2000
303345	1990	06.aug.90	7800
303354	1990	07.aug.90	1800
303356	1990	07.aug.90	2000
303355	1990	07.aug.90	2500
303358	1990	07.aug.90	2500
303353	1990	07.aug.90	2600
303357	1990	07.aug.90	2700
303359	1990	07.aug.90	6000
303371	1990	09.aug.90	1200
303372	1990	09.aug.90	2200
303369	1990	09.aug.90	5200
303370	1990	09.aug.90	6500
303382	1990	10.aug.90	1000
303381	1990	10.aug.90	7500
303380	1990	10.aug.90	14000
303393	1990	11.aug.90	6600
303392	1990	11.aug.90	7200
303404	1990	12.aug.90	2000
303407	1990	12.aug.90	2000
303405	1990	12.aug.90	2400
303406	1990	12.aug.90	2500
303419	1990	13.aug.90	1900
303426	1990	14.aug.90	2100
303425	1990	14.aug.90	2400
303424	1990	14.aug.90	3900
303446	1990	16.aug.90	2500
303456	1990	17.aug.90	4300
303473	1990	20.aug.90	4500
303472	1990	20.aug.90	6500
303489	1990	23.aug.90	3800
303517	1991	08.jun.91	9700
303518	1991	16.jun.91	4700
303521	1991	24.jun.91	10800
302064	1991	26.jun.91	12000
303528	1991	01.jul.91	8500
303529	1991	01.jul.91	10600
303535	1991	05.jul.91	4600
303534	1991	05.jul.91	6100
303541	1991	06.jul.91	9600
303566	1991	11.jul.91	10400
303574	1991	12.jul.91	1300
303584	1991	13.jul.91	9500
303591	1991	16.jul.91	1200
303598	1991	18.jul.91	2000
303626	1991	22.jul.91	1800
303627	1991	22.jul.91	4400
303634	1991	23.jul.91	1300
303635	1991	23.jul.91	1600
303636	1991	23.jul.91	5300
303648	1991	24.jul.91	1400
303647	1991	24.jul.91	2000
303661	1991	26.jul.91	1700
303675	1991	29.jul.91	1700
303701	1991	30.jul.91	1200
303702	1991	30.jul.91	10400
303723	1991	31.jul.91	1500
303722	1991	31.jul.91	2300
303721	1991	31.jul.91	6200
303751	1991	02.aug.91	7200
303774	1991	05.aug.91	2000
303779	1991	06.aug.91	5000
303780	1991	06.aug.91	9800
303784	1991	07.aug.91	4800
303796	1991	09.aug.91	5500
303820	1991	12.aug.91	1700
303821	1991	12.aug.91	2000
303839	1991	14.aug.91	5600
303849	1991	15.aug.91	1550
303848	1991	15.aug.91	1650
303938	1992	16.jun.92	2500
303939	1992	20.jun.92	13000
303963	1992	05.jul.92	10300
303980	1992	08.jul.92	2700
304046	1992	20.jul.92	2500
304059	1992	23.jul.92	15000
304106	1992	27.jul.92	8600
302031	1992	27.jul.92	9600
304173	1992	31.jul.92	5500
304189	1992	01.aug.92	1800
304200	1992	02.aug.92	900
304198	1992	02.aug.92	1300
302021	1992	02.aug.92	1500
304199	1992	02.aug.92	1500
304206	1992	03.aug.92	4500
304207	1992	03.aug.92	9500
304209	1992	04.aug.92	1100
304208	1992	04.aug.92	1400
304210	1992	04.aug.92	1500
304219	1992	05.aug.92	1500
304218	1992	05.aug.92	4200
304217	1992	05.aug.92	5800
304221	1992	06.aug.92	1400
304222	1992	06.aug.92	1500
304229	1992	08.aug.92	1950
304227	1992	08.aug.92	8000
304228	1992	08.aug.92	8000
304234	1992	09.aug.92	3900
302066	1992	09.aug.92	4100
304235	1992	09.aug.92	9800
304242	1992	10.aug.92	5000
304250	1992	11.aug.92	1700
304252	1992	11.aug.92	1800
304253	1992	11.aug.92	2800
304249	1992	11.aug.92	11000
304268	1992	12.aug.92	1000
304267	1992	12.aug.92	9700
304266	1992	12.aug.92	10600
304274	1992	13.aug.92	2000
304275	1992	13.aug.92	4500
304273	1992	13.aug.92	7000
304284	1992	14.aug.92	13800
304292	1992	15.aug.92	1400
304291	1992	15.aug.92	4900
304305	1992	17.aug.92	1900
304306	1992	17.aug.92	2200
304304	1992	17.aug.92	9900
304334	1992	26.aug.92	9500
304429	1993	02.aug.93	1100
304430	1993	02.aug.93	1900
304432	1993	03.aug.93	4100
304448	1993	06.aug.93	2500
304452	1993	07.aug.93	9000
304458	1993	08.aug.93	1900
304457	1993	08.aug.93	9200
304534	1994	06.jul.94	2400
304548	1994	10.jul.94	3000
304553	1994	11.jul.94	2300
304559	1994	14.jul.94	1600
304560	1994	15.jul.94	1600
304561	1994	15.jul.94	5600
304563	1994	17.jul.94	1400
304564	1994	19.jul.94	9500
304566	1994	23.jul.94	1500
304565	1994	23.jul.94	1800
304567	1994	23.jul.94	5700
304568	1994	23.jul.94	6500
304572	1994	25.jul.94	2000
304579	1994	26.jul.94	1000
304578	1994	26.jul.94	2300
304581	1994	27.jul.94	1700
304582	1994	27.jul.94	2300
304583	1994	27.jul.94	3400
304587	1994	29.jul.94	3200
304591	1994	30.jul.94	1200
304597	1994	31.jul.94	1100
304598	1994	31.jul.94	1800
304596	1994	31.jul.94	2000
304595	1994	31.jul.94	2300
304605	1994	01.aug.94	1100
304604	1994	01.aug.94	1500
304603	1994	01.aug.94	2400
304606	1994	01.aug.94	4000
304612	1994	02.aug.94	1100
304611	1994	02.aug.94	1400
304615	1994	03.aug.94	2000
304616	1994	03.aug.94	7700
304625	1994	04.aug.94	1600
304626	1994	04.aug.94	1700
304624	1994	04.aug.94	1800
304628	1994	05.aug.94	1400
304627	1994	05.aug.94	2100
304629	1994	05.aug.94	3500
304631	1994	06.aug.94	1500
304632	1994	06.aug.94	1800
304630	1994	06.aug.94	2500
304633	1994	06.aug.94	4500
304643	1994	07.aug.94	1200
304642	1994	07.aug.94	1400
304641	1994	07.aug.94	1600
304644	1994	07.aug.94	11300
304648	1994	08.aug.94	1500
304650	1994	08.aug.94	1800
304649	1994	08.aug.94	2000
304647	1994	08.aug.94	3000
304652	1994	09.aug.94	1800
304657	1994	10.aug.94	1800
304666	1994	12.aug.94	2500
304668	1994	13.aug.94	3300
304671	1994	14.aug.94	1500
304673	1994	15.aug.94	1400
304672	1994	15.aug.94	1400
304674	1994	15.aug.94	3600
304684	1994	16.aug.94	2000
304686	1994	17.aug.94	1500
304695	1994	19.aug.94	1400
304696	1994	19.aug.94	3500
304699	1994	20.aug.94	1600
304703	1994	20.aug.94	1900
304702	1994	20.aug.94	1900
304700	1994	20.aug.94	2400
304697	1994	20.aug.94	2500
304704	1994	20.aug.94	3000
304698	1994	20.aug.94	3200
304614	1994	20.aug.94	5500
304706	1994	21.aug.94	1200
304707	1994	21.aug.94	4800
304714	1994	22.aug.94	1250
304715	1994	22.aug.94	2100
304713	1994	22.aug.94	2300
304712	1994	22.aug.94	2400
304716	1994	22.aug.94	2700
304717	1994	22.aug.94	2800
304718	1994	23.aug.94	1300
304721	1994	23.aug.94	1600
304720	1994	23.aug.94	2200
304719	1994	23.aug.94	2400
304722	1994	23.aug.94	2500
304724	1994	24.aug.94	1100
304723	1994	24.aug.94	1400
304725	1994	24.aug.94	2500
304726	1994	24.aug.94	6800
304727	1994	25.aug.94	1600
304729	1994	26.aug.94	1100
304728	1994	26.aug.94	2200
304731	1994	26.aug.94	4500
304730	1994	26.aug.94	4600
304733	1994	27.aug.94	2000
304735	1994	27.aug.94	2200
304734	1994	27.aug.94	3000
304736	1994	27.aug.94	3600
304740	1994	28.aug.94	1700
304746	1994	29.aug.94	1400
304745	1994	29.aug.94	1400
304747	1994	29.aug.94	1500
304748	1994	29.aug.94	1700
304751	1994	29.aug.94	2000
304749	1994	29.aug.94	2000
304753	1994	29.aug.94	3500
304752	1994	29.aug.94	4000
304750	1994	29.aug.94	6500
304765	1994	30.aug.94	2000
304764	1994	30.aug.94	2800
304767	1994	31.aug.94	1500
304766	1994	31.aug.94	1600
304769	1994	10.sep.94	1800
304781	1995	29.jun.95	6300
304836	1995	16.jul.95	5700
304840	1995	19.jul.95	9000
304846	1995	21.jul.95	2300
304850	1995	22.jul.95	2100
304851	1995	22.jul.95	3000
304855	1995	23.jul.95	3000
304858	1995	24.jul.95	2100
304859	1995	24.jul.95	5200
304861	1995	24.jul.95	5900
304860	1995	24.jul.95	6500
304868	1995	26.jul.95	3300
304870	1995	28.jul.95	4000
304871	1995	29.jul.95	1800
306067	1995	29.jul.95	3900
304882	1995	01.aug.95	2000
304883	1995	01.aug.95	2300
304890	1995	03.aug.95	2200
304891	1995	03.aug.95	2500
304892	1995	03.aug.95	3600
304896	1995	04.aug.95	5200
304897	1995	04.aug.95	6000
304898	1995	04.aug.95	6300
304909	1995	07.aug.95	1700
304908	1995	07.aug.95	2400
304912	1995	08.aug.95	1100
304911	1995	08.aug.95	1200
304918	1995	09.aug.95	1500
304917	1995	09.aug.95	3100
304922	1995	10.aug.95	4400
304925	1995	11.aug.95	1300
304924	1995	11.aug.95	1550
304927	1995	12.aug.95	3000
304926	1995	12.aug.95	3800
304928	1995	13.aug.95	1500
304929	1995	13.aug.95	6900
304931	1995	14.aug.95	1400
304930	1995	14.aug.95	2600
304933	1995	15.aug.95	2900
304932	1995	15.aug.95	4800
304934	1995	16.aug.95	2100
304935	1995	16.aug.95	2800
304936	1995	17.aug.95	4800
304939	1995	18.aug.95	4500
304938	1995	18.aug.95	6100
304945	1995	19.aug.95	3000
304946	1995	20.aug.95	2000
304956	1995	22.aug.95	2100
304962	1995	24.aug.95	2100
304967	1995	25.aug.95	1500
304968	1995	25.aug.95	2000
304969	1995	26.aug.95	1900
304973	1995	26.aug.95	2000
304970	1995	26.aug.95	2400
304976	1995	26.aug.95	2800
304972	1995	26.aug.95	3000
304974	1995	26.aug.95	5000
304975	1995	26.aug.95	6000
304971	1995	26.aug.95	8800
304988	1995	27.aug.95	1000
304989	1995	27.aug.95	1500
304987	1995	27.aug.95	5200
304993	1995	28.aug.95	1600
304995	1995	28.aug.95	4200
304994	1995	28.aug.95	6300
305008	1995	29.aug.95	1250
305007	1995	29.aug.95	2000
305010	1995	29.aug.95	2600
305009	1995	29.aug.95	7200
305016	1995	30.aug.95	6600
305027	1996	26.jun.96	900
305029	1996	29.jun.96	15000
305030	1996	01.jul.96	7500
305031	1996	03.jul.96	7900
305032	1996	03.jul.96	11500
305033	1996	07.jul.96	12000
305034	1996	08.jul.96	6500
305035	1996	09.jul.96	5700
305037	1996	13.jul.96	5200
305036	1996	13.jul.96	7400
305039	1996	15.jul.96	12400
305044	1996	16.jul.96	5600
305043	1996	16.jul.96	11000
305046	1996	17.jul.96	6200
305048	1996	17.jul.96	9500
305047	1996	17.jul.96	13000
305055	1996	24.jul.96	5100
305060	1996	26.jul.96	2000
305065	1996	29.jul.96	1500
305091	1996	01.aug.96	5600
305096	1996	03.aug.96	5400
305097	1996	04.aug.96	3310
305100	1996	06.aug.96	2500
305107	1996	14.aug.96	4600
305106	1996	14.aug.96	6500
305110	1996	21.aug.96	1400
305111	1996	21.aug.96	3200
302068	1996	22.aug.96	7000
305113	1996	24.aug.96	8400
305115	1996	25.aug.96	12400
305116	1996	26.aug.96	6300
305117	1996	27.aug.96	1200
305118	1996	27.aug.96	8200
305119	1996	30.aug.96	3200
305120	1996	30.aug.96	4000
305121	1996	03.sep.96	1400
305123	1996	04.sep.96	3200
305122	1996	04.sep.96	6000
305124	1996	05.sep.96	4700
305125	1996	05.sep.96	11000
305131	1997	16.jun.97	8300
305134	1997	22.jun.97	4300
305137	1997	23.jun.97	500
305141	1997	24.jun.97	12500
305155	1997	04.jul.97	1350
305170	1997	07.jul.97	14200
305176	1997	09.jul.97	2500
305175	1997	09.jul.97	8600
305179	1997	13.jul.97	9200
305181	1997	16.jul.97	9700
305185	1997	19.jul.97	11000
305192	1997	21.jul.97	8500
305191	1997	21.jul.97	10600
305197	1997	23.jul.97	1400
305199	1997	23.jul.97	1400
305198	1997	23.jul.97	2800
305200	1997	23.jul.97	5000
305196	1997	23.jul.97	10500
305202	1997	24.jul.97	2500
305207	1997	26.jul.97	1700
305214	1997	29.jul.97	2000
305215	1997	29.jul.97	2100
305228	1997	01.aug.97	600
305231	1997	02.aug.97	850
305230	1997	02.aug.97	1500
305233	1997	02.aug.97	5200
305235	1997	03.aug.97	1300
305234	1997	03.aug.97	1500
305236	1997	03.aug.97	2300
305240	1997	06.aug.97	1400
305249	1997	08.aug.97	2200
305253	1997	09.aug.97	1800
305255	1997	10.aug.97	1500
305254	1997	10.aug.97	2700
305259	1997	11.aug.97	6000
305265	1997	13.aug.97	1800
305275	1997	19.aug.97	900
305274	1997	19.aug.97	1600
305276	1997	19.aug.97	3500
305277	1997	19.aug.97	5600
305279	1997	21.aug.97	2400
305282	1997	23.aug.97	1700
305283	1997	24.aug.97	1550
305285	1997	25.aug.97	2600
305284	1997	25.aug.97	3600
305288	1997	26.aug.97	9000
305289	1997	28.aug.97	1200
305291	1997	30.aug.97	1600
305290	1997	30.aug.97	8000
305292	1997	01.sep.97	1700
305293	1997	01.sep.97	2100
301842	1997	02.sep.97	3420
305296	1997	03.sep.97	1900
305300	1997	05.sep.97	3600
305302	1997	08.sep.97	3400
305310	1998	16.jun.98	5100
305314	1998	02.jul.98	6400
305315	1998	13.jul.98	1100
305318	1998	15.jul.98	1000
305320	1998	16.jul.98	4500
305324	1998	20.jul.98	1200
305326	1998	23.jul.98	1900
305329	1998	24.jul.98	1700
305328	1998	24.jul.98	2450
305331	1998	26.jul.98	1800
305336	1998	28.jul.98	1100
305344	1998	30.jul.98	1200
305342	1998	30.jul.98	1500
305343	1998	30.jul.98	1800
305347	1998	31.jul.98	1800
305348	1998	31.jul.98	2800
305349	1998	02.aug.98	1700
305350	1998	02.aug.98	1800
305354	1998	03.aug.98	1500
305352	1998	03.aug.98	1700
305353	1998	03.aug.98	2400
305351	1998	03.aug.98	7000
305356	1998	06.aug.98	1600
305358	1998	07.aug.98	2800
305359	1998	10.aug.98	1900
305362	1998	11.aug.98	7000
305363	1998	12.aug.98	2200
305367	1998	13.aug.98	2200
305370	1998	14.aug.98	1600
302045	1998	14.aug.98	4300
305372	1998	15.aug.98	2100
305375	1998	16.aug.98	1700
305379	1998	19.aug.98	2000
305382	1998	20.aug.98	4500
305380	1998	20.aug.98	7500
305384	1998	21.aug.98	1700
305385	1998	21.aug.98	4900
305388	1998	23.aug.98	1000
305390	1998	24.aug.98	6500
305392	1998	25.aug.98	3500
305395	1998	27.aug.98	1600
305394	1998	27.aug.98	5000
305397	1998	28.aug.98	2000
305398	1998	28.aug.98	3200
305404	1998	31.aug.98	1500
305406	1998	01.sep.98	4000
305409	1998	03.sep.98	1700
302046	1998	03.sep.98	5100
305410	1998	04.sep.98	900
305412	1998	05.sep.98	2100
305415	1998	07.sep.98	1800
305419	1999	20.jun.99	10000
305421	1999	25.jun.99	6100
305428	1999	01.jul.99	7200
305429	1999	02.jul.99	5800
305431	1999	05.jul.99	5650
305432	1999	06.jul.99	1100
305433	1999	06.jul.99	1600
305445	1999	12.jul.99	2000
305451	1999	14.jul.99	9200
305458	1999	16.jul.99	1900
305456	1999	16.jul.99	2450
305459	1999	16.jul.99	5800
305457	1999	16.jul.99	11200
305464	1999	17.jul.99	2000
305467	1999	18.jul.99	3900
305469	1999	19.jul.99	7000
305479	1999	22.jul.99	1100
305481	1999	22.jul.99	1600
305480	1999	22.jul.99	6500
305489	1999	23.jul.99	1700
305488	1999	23.jul.99	14060
305495	1999	25.jul.99	1000
305496	1999	25.jul.99	10200
305498	1999	26.jul.99	1700
305500	1999	26.jul.99	2000
305499	1999	26.jul.99	5300
305513	1999	28.jul.99	1070
305514	1999	28.jul.99	5600
305519	1999	30.jul.99	1200
305521	1999	30.jul.99	1500
305520	1999	30.jul.99	2600
305530	1999	31.jul.99	1100
305528	1999	31.jul.99	1500
305531	1999	31.jul.99	1500
305529	1999	31.jul.99	3500
305532	1999	31.jul.99	6000
305535	1999	01.aug.99	1300
305536	1999	01.aug.99	3200
305537	1999	01.aug.99	6700
305541	1999	02.aug.99	6200
305547	1999	03.aug.99	800
305558	1999	05.aug.99	1000
305559	1999	05.aug.99	4300
305564	1999	07.aug.99	1800
305570	1999	08.aug.99	1200
305566	1999	08.aug.99	1200
305567	1999	08.aug.99	1800
305568	1999	08.aug.99	2100
305569	1999	08.aug.99	2200
305578	1999	09.aug.99	1400
305582	1999	11.aug.99	1200
305588	1999	12.aug.99	1400
305585	1999	12.aug.99	1500
305587	1999	12.aug.99	2700
305586	1999	12.aug.99	5800
305589	1999	12.aug.99	7200
305592	1999	13.aug.99	1000
305594	1999	13.aug.99	3000
305593	1999	13.aug.99	5300
305596	1999	14.aug.99	1150
305595	1999	14.aug.99	1800
305598	1999	14.aug.99	4200
305599	1999	14.aug.99	4800
305597	1999	14.aug.99	5000
305604	1999	17.aug.99	1300
305605	1999	17.aug.99	1400
305606	1999	17.aug.99	2000
305607	1999	19.aug.99	1300
305610	1999	20.aug.99	1400
305612	1999	20.aug.99	1900
305613	1999	20.aug.99	2400
305611	1999	20.aug.99	5500
305614	1999	21.aug.99	3100
305616	1999	22.aug.99	1200
305617	1999	22.aug.99	1600
305618	1999	23.aug.99	2300
302074	1999	23.aug.99	14200
305621	1999	25.aug.99	1100
305620	1999	25.aug.99	2000
305622	1999	26.aug.99	2400
305626	1999	27.aug.99	2600
305625	1999	27.aug.99	5300
305624	1999	27.aug.99	5300
305629	1999	28.aug.99	1500
305631	1999	28.aug.99	3400
305630	1999	28.aug.99	4000
305634	1999	31.aug.99	7000
305636	1999	01.sep.99	15300
305638	1999	02.sep.99	5300
305639	1999	03.sep.99	5500
305641	1999	04.sep.99	1500
305640	1999	04.sep.99	2000
305642	1999	05.sep.99	6500
305644	2000	09.jun.00	9100
305646	2000	10.jun.00	6400
305647	2000	16.jun.00	3600
305649	2000	22.jun.00	2100
305657	2000	02.jul.00	2500
305661	2000	08.jul.00	2000
305668	2000	10.jul.00	2500
305670	2000	11.jul.00	2800
305669	2000	11.jul.00	6700
305671	2000	15.jul.00	7000
305675	2000	18.jul.00	1800
305674	2000	18.jul.00	2000
305676	2000	18.jul.00	2500
305677	2000	19.jul.00	5100
305679	2000	20.jul.00	6300
305682	2000	21.jul.00	1200
305683	2000	21.jul.00	7000
305690	2000	22.jul.00	2300
305691	2000	22.jul.00	2400
305692	2000	22.jul.00	2900
305693	2000	23.jul.00	2000
305694	2000	23.jul.00	3400
305697	2000	24.jul.00	3800
305699	2000	25.jul.00	7700
305700	2000	26.jul.00	1600
316273	2000	26.jul.00	2000
305701	2000	26.jul.00	2500
305704	2000	27.jul.00	1300
305705	2000	27.jul.00	1300
305702	2000	27.jul.00	1500
305703	2000	27.jul.00	2000
305706	2000	27.jul.00	2400
305709	2000	27.jul.00	6000
305715	2000	28.jul.00	2400
305714	2000	28.jul.00	3200
305713	2000	28.jul.00	3700
305721	2000	29.jul.00	2900
305726	2000	30.jul.00	3500
305731	2000	31.jul.00	2700
305735	2000	01.aug.00	1800
305739	2000	03.aug.00	3500
305737	2000	03.aug.00	8100
305740	2000	04.aug.00	1300
305743	2000	04.aug.00	2000
305741	2000	04.aug.00	2500
305742	2000	04.aug.00	2750
305747	2000	05.aug.00	2000
305749	2000	05.aug.00	2200
305748	2000	05.aug.00	2200
305758	2000	06.aug.00	1900
305754	2000	06.aug.00	2000
305757	2000	06.aug.00	2300
305755	2000	06.aug.00	2800
305756	2000	06.aug.00	3900
305753	2000	06.aug.00	6000
305762	2000	07.aug.00	2200
305764	2000	07.aug.00	4200
305763	2000	07.aug.00	7300
302053	2000	08.aug.00	1300
305768	2000	08.aug.00	2000
305769	2000	09.aug.00	500
305770	2000	09.aug.00	2300
305773	2000	10.aug.00	2460
305771	2000	10.aug.00	2600
305772	2000	10.aug.00	2700
305774	2000	10.aug.00	2850
305778	2000	11.aug.00	1500
305776	2000	11.aug.00	2000
305777	2000	11.aug.00	2500
305783	2000	12.aug.00	2400
305782	2000	12.aug.00	2600
305785	2000	13.aug.00	1500
305784	2000	13.aug.00	2900
305787	2000	14.aug.00	2000
305789	2000	14.aug.00	2400
305788	2000	14.aug.00	2500
305790	2000	15.aug.00	3300
305791	2000	15.aug.00	3500
305794	2000	16.aug.00	2000
305795	2000	16.aug.00	3300
305798	2000	17.aug.00	2200
305799	2000	17.aug.00	6700
305804	2000	18.aug.00	1700
305801	2000	18.aug.00	2500
305802	2000	18.aug.00	5100
305803	2000	18.aug.00	8500
305806	2000	19.aug.00	1600
305807	2000	19.aug.00	2500
305805	2000	19.aug.00	5000
305810	2000	21.aug.00	1800
305809	2000	21.aug.00	2200
305811	2000	21.aug.00	4000
305812	2000	21.aug.00	8000
305813	2000	23.aug.00	2135
305814	2000	23.aug.00	3800
305815	2000	24.aug.00	3100
305816	2000	25.aug.00	2400
305818	2000	26.aug.00	3100
305819	2000	26.aug.00	4000
305817	2000	26.aug.00	8000
305822	2000	28.aug.00	5500
305823	2000	29.aug.00	2200
305824	2000	29.aug.00	3100
305827	2000	31.aug.00	2500
305826	2000	31.aug.00	2800
305831	2000	01.sep.00	2100
305829	2000	01.sep.00	2900
305834	2000	02.sep.00	2000
305835	2000	02.sep.00	2600
305836	2000	02.sep.00	3700
305837	2000	03.sep.00	2500
305838	2000	03.sep.00	5000
305840	2000	04.sep.00	3000
305844	2000	07.sep.00	3000
305845	2000	08.sep.00	2400
305848	2001	21.jun.01	8500
305847	2001	21.jun.01	10300
305850	2001	23.jun.01	7900
305852	2001	26.jun.01	4400
305853	2001	26.jun.01	5600
305855	2001	27.jun.01	4000
305856	2001	28.jun.01	9600
305860	2001	02.jul.01	1375
305859	2001	02.jul.01	2050
305861	2001	02.jul.01	5700
305863	2001	03.jul.01	7000
305864	2001	05.jul.01	5250
305865	2001	05.jul.01	5500
305869	2001	08.jul.01	1300
305870	2001	09.jul.01	7000
305872	2001	11.jul.01	7100
305871	2001	11.jul.01	8500
305880	2001	13.jul.01	5100
305879	2001	13.jul.01	6000
305882	2001	14.jul.01	8300
305887	2001	18.jul.01	5600
305888	2001	18.jul.01	6400
305893	2001	19.jul.01	1700
305892	2001	19.jul.01	6600
305897	2001	20.jul.01	1900
305895	2001	20.jul.01	4900
305896	2001	20.jul.01	5000
305903	2001	22.jul.01	3000
305902	2001	22.jul.01	6200
305908	2001	23.jul.01	1400
305907	2001	23.jul.01	2100
305906	2001	23.jul.01	2100
305904	2001	23.jul.01	2600
305905	2001	23.jul.01	5100
305910	2001	24.jul.01	1800
305913	2001	24.jul.01	1955
305912	2001	24.jul.01	3100
305914	2001	24.jul.01	7000
305911	2001	24.jul.01	7000
305915	2001	25.jul.01	2300
305916	2001	26.jul.01	5500
305917	2001	27.jul.01	7500
305921	2001	29.jul.01	2300
305923	2001	29.jul.01	5900
305922	2001	29.jul.01	5900
305924	2001	29.jul.01	8000
305925	2001	30.jul.01	2800
305926	2001	30.jul.01	3700
305927	2001	30.jul.01	6100
305928	2001	30.jul.01	8500
305930	2001	31.jul.01	5000
305931	2001	31.jul.01	6000
305933	2001	01.aug.01	1500
305935	2001	01.aug.01	5600
305937	2001	01.aug.01	5800
305936	2001	01.aug.01	7300
305934	2001	01.aug.01	8200
305939	2001	02.aug.01	1700
305940	2001	02.aug.01	3000
305941	2001	02.aug.01	5500
305938	2001	02.aug.01	7000
406047	2009	02.aug.01	14700
305946	2001	03.aug.01	1300
305947	2001	03.aug.01	3200
305948	2001	03.aug.01	3700
305950	2001	04.aug.01	7200
305951	2001	05.aug.01	6100
305952	2001	06.aug.01	2400
305953	2001	06.aug.01	3400
302079	2001	06.aug.01	3900
305954	2001	06.aug.01	4800
305955	2001	07.aug.01	2500
305956	2001	07.aug.01	5600
302077	2001	08.aug.01	2000
305957	2001	08.aug.01	2120
305958	2001	08.aug.01	3000
305959	2001	08.aug.01	5700
305961	2001	09.aug.01	2300
305960	2001	09.aug.01	6000
305963	2001	10.aug.01	3400
305964	2001	11.aug.01	3200
302081	2001	11.aug.01	5500
305971	2001	12.aug.01	2300
305970	2001	12.aug.01	2700
305973	2001	14.aug.01	1600
305972	2001	14.aug.01	5000
305974	2001	15.aug.01	1400
305975	2001	15.aug.01	2400
305976	2001	15.aug.01	3700
305977	2001	16.aug.01	2500
305979	2001	17.aug.01	1900
305978	2001	17.aug.01	4950
305981	2001	18.aug.01	1000
305983	2001	19.aug.01	7500
305986	2001	20.aug.01	3000
305988	2001	21.aug.01	1400
305987	2001	21.aug.01	2300
305989	2001	21.aug.01	3000
305990	2001	21.aug.01	5045
305993	2001	23.aug.01	2500
305992	2001	23.aug.01	6200
305998	2001	24.aug.01	1200
305999	2001	24.aug.01	1400
306004	2001	26.aug.01	2000
306005	2001	26.aug.01	2200
306007	2001	26.aug.01	2900
306003	2001	26.aug.01	4700
306006	2001	26.aug.01	8000
306008	2001	27.aug.01	3700
306009	2001	27.aug.01	6500
306011	2001	28.aug.01	2400
306012	2001	30.aug.01	2000
306014	2001	31.aug.01	2000
306013	2001	31.aug.01	3000
306017	2001	01.sep.01	1600
306016	2001	01.sep.01	2000
306018	2001	01.sep.01	3500
306015	2001	01.sep.01	5500
306021	2001	02.sep.01	3200
306019	2001	02.sep.01	4800
306020	2001	02.sep.01	7000
306022	2001	03.sep.01	7000
306023	2001	04.sep.01	3700
306024	2001	05.sep.01	2400
306026	2001	06.sep.01	4200
306025	2001	06.sep.01	5000
306027	2001	07.sep.01	5200
306028	2001	07.sep.01	7000
301955	2002	22.jun.02	6600
301957	2002	30.jun.02	4400
301822	2002	03.jul.02	8000
301958	2002	04.jul.02	1100
301959	2002	04.jul.02	5200
301960	2002	06.jul.02	4500
301829	2002	08.jul.02	5200
301961	2002	10.jul.02	4100
301962	2002	10.jul.02	5000
301884	2002	12.jul.02	4500
301821	2002	14.jul.02	1100
302013	2002	15.jul.02	1100
301965	2002	15.jul.02	1400
301816	2002	17.jul.02	1900
301828	2002	17.jul.02	6600
301781	2002	18.jul.02	1000
301969	2002	18.jul.02	1500
301968	2002	18.jul.02	3100
301954	2002	19.jul.02	2800
301970	2002	19.jul.02	4800
301971	2002	20.jul.02	1000
301782	2002	21.jul.02	1615
301972	2002	23.jul.02	5900
301973	2002	24.jul.02	2900
301974	2002	25.jul.02	2000
301796	2002	25.jul.02	4500
301975	2002	26.jul.02	2600
301911	2002	27.jul.02	7800
301922	2002	28.jul.02	2000
301850	2002	29.jul.02	1600
301977	2002	29.jul.02	2600
301851	2002	31.jul.02	1500
301978	2002	01.aug.02	1200
301801	2002	01.aug.02	2000
301979	2002	01.aug.02	5200
301923	2002	02.aug.02	1600
301793	2002	02.aug.02	9300
301981	2002	03.aug.02	2000
301982	2002	03.aug.02	2600
301794	2002	04.aug.02	1400
301924	2002	04.aug.02	3000
301983	2002	05.aug.02	1700
302014	2002	06.aug.02	2000
301853	2002	06.aug.02	2500
301986	2002	07.aug.02	1100
301985	2002	07.aug.02	1400
301854	2002	07.aug.02	1500
301984	2002	07.aug.02	5500
301795	2002	07.aug.02	5600
301912	2002	08.aug.02	2000
301855	2002	08.aug.02	2500
301988	2002	09.aug.02	1300
301856	2002	09.aug.02	2500
301989	2002	09.aug.02	5000
301990	2002	10.aug.02	1700
301926	2002	11.aug.02	3100
301992	2002	13.aug.02	2000
301818	2002	13.aug.02	2600
301913	2002	13.aug.02	2900
301927	2002	13.aug.02	6700
301993	2002	14.aug.02	4900
301820	2002	14.aug.02	5500
301929	2002	14.aug.02	6000
301996	2002	15.aug.02	1200
301994	2002	15.aug.02	1400
301784	2002	15.aug.02	1400
301995	2002	15.aug.02	2000
301997	2002	16.aug.02	3000
301799	2002	16.aug.02	4900
301797	2002	17.aug.02	1700
301999	2002	17.aug.02	1700
301826	2002	17.aug.02	2200
301998	2002	17.aug.02	3000
301788	2002	17.aug.02	6600
301914	2002	18.aug.02	1600
302000	2002	20.aug.02	3700
301953	2002	21.aug.02	1600
302001	2002	23.aug.02	1600
301800	2002	23.aug.02	2300
301930	2002	24.aug.02	1200
302002	2002	24.aug.02	2200
302005	2002	25.aug.02	1600
302004	2002	25.aug.02	2300
301931	2002	25.aug.02	2400
302006	2002	26.aug.02	900
302007	2002	27.aug.02	2000
934603	2012	27.aug.02	9700
301915	2002	29.aug.02	1200
301815	2002	29.aug.02	1900
301819	2002	29.aug.02	2800
302015	2002	31.aug.02	1500
301907	2002	31.aug.02	3600
301909	2002	31.aug.02	4500
301908	2002	31.aug.02	5000
302010	2002	01.sep.02	5300
301917	2002	02.sep.02	1200
301916	2002	02.sep.02	2300
301932	2002	03.sep.02	1600
302011	2002	03.sep.02	3400
301785	2002	04.sep.02	1200
301823	2002	04.sep.02	4700
301933	2002	05.sep.02	2100
301934	2002	06.sep.02	3500
301935	2002	07.sep.02	2100
302012	2002	08.sep.02	1900
318286	2003	08.jun.03	5100
318216	2003	21.jun.03	2000
318260	2003	23.jun.03	5600
318238	2003	24.jun.03	2900
318302	2003	27.jun.03	1495
318292	2003	29.jun.03	2100
318293	2003	29.jun.03	2300
318237	2003	30.jun.03	2800
318271	2003	01.jul.03	2100
318276	2003	01.jul.03	2600
318266	2003	02.jul.03	1500
318179	2003	02.jul.03	2500
318180	2003	02.jul.03	2500
318242	2003	02.jul.03	2700
318246	2003	02.jul.03	3300
318255	2003	02.jul.03	3800
318203	2003	03.jul.03	1400
318225	2003	03.jul.03	1800
318233	2003	03.jul.03	2400
318236	2003	03.jul.03	2400
318235	2003	03.jul.03	2700
318243	2003	03.jul.03	2800
318210	2003	04.jul.03	1500
318219	2003	04.jul.03	1700
318241	2003	04.jul.03	2700
318281	2003	04.jul.03	3600
318220	2003	05.jul.03	1800
318234	2003	05.jul.03	2600
318217	2003	05.jul.03	3000
318251	2003	05.jul.03	4800
318218	2003	06.jul.03	1700
318267	2003	06.jul.03	1700
318268	2003	06.jul.03	2000
318270	2003	06.jul.03	2100
318274	2003	06.jul.03	2400
318230	2003	06.jul.03	2500
318277	2003	06.jul.03	2700
318275	2003	06.jul.03	2900
318231	2003	06.jul.03	3000
318247	2003	06.jul.03	3200
318289	2003	06.jul.03	6200
318208	2003	07.jul.03	1800
318232	2003	07.jul.03	2200
318269	2003	07.jul.03	2200
318318	2003	07.jul.03	3200
318284	2003	07.jul.03	4900
318212	2003	08.jul.03	1300
318209	2003	08.jul.03	1700
318240	2003	08.jul.03	2700
318009	2003	09.jul.03	1500
318207	2003	09.jul.03	1500
318174	2003	09.jul.03	2100
318273	2003	09.jul.03	2500
318345	2003	09.jul.03	4000
318349	2003	09.jul.03	4530
318064	2003	10.jul.03	6800
318206	2003	11.jul.03	1300
318244	2003	11.jul.03	3200
318316	2003	12.jul.03	2300
318248	2003	12.jul.03	3900
318084	2003	12.jul.03	4500
318285	2003	12.jul.03	4600
318341	2003	13.jul.03	800
318171	2003	13.jul.03	6000
318066	2003	14.jul.03	2400
318278	2003	14.jul.03	3500
318261	2003	14.jul.03	5000
317984	2003	15.jul.03	1000
318204	2003	15.jul.03	1100
318215	2003	15.jul.03	1850
318040	2003	15.jul.03	2900
318249	2003	15.jul.03	3300
318055	2003	15.jul.03	4100
318352	2003	15.jul.03	6000
318130	2003	15.jul.03	10500
317993	2003	16.jul.03	1200
318024	2003	16.jul.03	2200
318030	2003	16.jul.03	2300
318058	2003	16.jul.03	5400
318019	2003	17.jul.03	3100
317987	2003	18.jul.03	1100
317988	2003	18.jul.03	1100
317999	2003	19.jul.03	1300
318039	2003	19.jul.03	2600
318044	2003	19.jul.03	3100
318259	2003	19.jul.03	5000
318124	2003	20.jul.03	3000
318012	2003	21.jul.03	1500
318131	2003	21.jul.03	2300
318183	2003	22.jul.03	1900
318173	2003	22.jul.03	2500
318150	2003	22.jul.03	4200
318138	2003	23.jul.03	1000
318017	2003	23.jul.03	2100
318185	2003	23.jul.03	3500
318319	2003	23.jul.03	6300
318134	2003	24.jul.03	1000
318098	2003	24.jul.03	6500
318028	2003	25.jul.03	1800
318272	2003	26.jul.03	2300
318112	2003	26.jul.03	3100
318155	2003	26.jul.03	6800
318202	2003	27.jul.03	1100
317992	2003	27.jul.03	1300
318300	2003	27.jul.03	1385
318153	2003	27.jul.03	4500
318221	2003	28.jul.03	1700
318113	2003	28.jul.03	2000
318146	2003	28.jul.03	3000
318253	2003	28.jul.03	4300
318193	2003	29.jul.03	1500
318199	2003	29.jul.03	2300
318334	2003	29.jul.03	3000
318195	2003	30.jul.03	1500
318194	2003	30.jul.03	1500
318228	2003	30.jul.03	1600
318201	2003	30.jul.03	1700
318158	2003	30.jul.03	4000
318211	2003	31.jul.03	1700
318223	2003	31.jul.03	2000
318224	2003	31.jul.03	2000
318136	2003	31.jul.03	2000
318299	2003	01.aug.03	1150
318310	2003	01.aug.03	1500
317998	2003	01.aug.03	1600
318222	2003	01.aug.03	1700
318137	2003	01.aug.03	2000
318027	2003	01.aug.03	2200
318043	2003	01.aug.03	2600
318254	2003	01.aug.03	3900
318192	2003	02.aug.03	1000
318196	2003	02.aug.03	1800
318317	2003	02.aug.03	2200
318197	2003	03.aug.03	1300
318069	2003	03.aug.03	1600
318145	2003	03.aug.03	3000
318344	2003	03.aug.03	3900
318127	2003	03.aug.03	6000
318262	2003	03.aug.03	8500
318068	2003	04.aug.03	1000
318038	2003	04.aug.03	2300
318198	2003	04.aug.03	2800
318050	2003	04.aug.03	4000
318025	2003	05.aug.03	1900
318029	2003	05.aug.03	2300
318115	2003	05.aug.03	2500
318324	2003	05.aug.03	4000
318347	2003	05.aug.03	4400
318200	2003	05.aug.03	4500
318353	2003	05.aug.03	6000
317990	2003	06.aug.03	1200
317994	2003	06.aug.03	1200
317995	2003	06.aug.03	1200
317996	2003	06.aug.03	1200
317997	2003	06.aug.03	1200
317989	2003	06.aug.03	1300
318037	2003	06.aug.03	2600
318298	2003	06.aug.03	4000
318326	2003	08.aug.03	3000
318062	2003	09.aug.03	5200
318337	2003	10.aug.03	2000
318010	2003	11.aug.03	1800
317983	2003	12.aug.03	1000
318014	2003	12.aug.03	1800
318067	2003	12.aug.03	3000
318041	2003	12.aug.03	3500
317986	2003	13.aug.03	1350
318290	2003	13.aug.03	9000
318004	2003	14.aug.03	1700
318031	2003	14.aug.03	2200
318291	2003	14.aug.03	7600
318002	2003	16.aug.03	1400
318001	2003	16.aug.03	1500
318135	2003	16.aug.03	1800
318109	2003	16.aug.03	2000
318148	2003	16.aug.03	2700
318035	2003	16.aug.03	2800
318159	2003	16.aug.03	3200
318122	2003	16.aug.03	4200
317985	2003	17.aug.03	900
318213	2003	17.aug.03	1400
318110	2003	17.aug.03	1800
318117	2003	17.aug.03	2600
318048	2003	17.aug.03	2900
318312	2003	17.aug.03	3000
318188	2003	17.aug.03	3000
318049	2003	17.aug.03	3800
318121	2003	17.aug.03	4000
318126	2003	17.aug.03	6200
318008	2003	18.aug.03	1300
318036	2003	18.aug.03	1400
318007	2003	18.aug.03	1500
318140	2003	18.aug.03	1500
318143	2003	18.aug.03	1500
318006	2003	18.aug.03	1600
318000	2003	18.aug.03	1800
318073	2003	18.aug.03	2800
318105	2003	18.aug.03	5300
318011	2003	19.aug.03	1100
318016	2003	19.aug.03	1500
318013	2003	19.aug.03	1500
318118	2003	19.aug.03	3000
318047	2003	19.aug.03	3300
318015	2003	20.aug.03	1300
318023	2003	20.aug.03	1900
318026	2003	20.aug.03	2300
318189	2003	20.aug.03	4500
318063	2003	20.aug.03	6800
317991	2003	21.aug.03	1300
318308	2003	21.aug.03	4160
318060	2003	21.aug.03	5700
318157	2003	22.aug.03	3000
318114	2003	23.aug.03	2000
318018	2003	23.aug.03	2100
318111	2003	23.aug.03	2500
318116	2003	23.aug.03	2500
318287	2003	23.aug.03	6000
318191	2003	23.aug.03	10500
318304	2003	24.aug.03	1300
318311	2003	24.aug.03	1700
318280	2003	24.aug.03	3800
318328	2003	25.aug.03	3000
318325	2003	25.aug.03	3600
318033	2003	26.aug.03	2200
318070	2003	28.aug.03	1100
318042	2003	28.aug.03	2500
318329	2003	29.aug.03	2300
318022	2003	29.aug.03	2500
318177	2003	29.aug.03	3200
318057	2003	29.aug.03	4600
318315	2003	29.aug.03	8000
318182	2003	30.aug.03	1300
318321	2003	30.aug.03	5550
318314	2003	30.aug.03	7800
318021	2003	31.aug.03	2400
318045	2003	02.sep.03	3400
318154	2003	02.sep.03	4900
318142	2003	04.sep.03	1900
318151	2003	04.sep.03	4000
318075	2003	05.sep.03	2000
318313	2003	05.sep.03	4200
318005	2003	06.sep.03	2500
318087	2003	06.sep.03	3500
318096	2003	06.sep.03	6200
318309	2003	06.sep.03	7000
318149	2003	08.sep.03	4000
306168	2004	08.jun.04	5500
316274	2004	11.jun.04	4700
306355	2004	12.jun.04	8500
306171	2004	13.jun.04	3000
306172	2004	14.jun.04	10300
306167	2004	15.jun.04	5100
306306	2004	17.jun.04	6400
306349	2004	23.jun.04	6400
306320	2004	24.jun.04	2800
306367	2004	24.jun.04	4900
306121	2004	27.jun.04	2300
306169	2004	27.jun.04	5700
306134	2004	28.jun.04	5000
306344	2004	29.jun.04	4200
306342	2004	29.jun.04	4400
306136	2004	30.jun.04	8200
306358	2004	30.jun.04	11700
306124	2004	02.jul.04	2700
306310	2004	02.jul.04	10500
306350	2004	03.jul.04	4500
306170	2004	05.jul.04	8300
306352	2004	06.jul.04	6300
306244	2004	06.jul.04	8500
306309	2004	06.jul.04	9000
306351	2004	07.jul.04	2400
306150	2004	07.jul.04	5500
306138	2004	08.jul.04	5500
306369	2004	08.jul.04	15000
306268	2004	09.jul.04	11000
306308	2004	10.jul.04	7300
306099	2004	11.jul.04	4100
306280	2004	13.jul.04	4100
306098	2004	13.jul.04	4100
306263	2004	13.jul.04	6000
306182	2004	13.jul.04	6450
306155	2004	15.jul.04	2500
306126	2004	16.jul.04	2100
306243	2004	16.jul.04	6200
306183	2004	16.jul.04	9100
306139	2004	17.jul.04	3300
306347	2004	18.jul.04	4200
306142	2004	18.jul.04	4600
306255	2004	19.jul.04	1100
306179	2004	19.jul.04	1770
306164	2004	19.jul.04	3200
306323	2004	19.jul.04	3900
306135	2004	19.jul.04	5800
306297	2004	21.jul.04	2500
316275	2004	21.jul.04	5300
316276	2004	22.jul.04	9000
306361	2004	23.jul.04	1300
306374	2004	23.jul.04	1800
306162	2004	23.jul.04	3300
306242	2004	23.jul.04	5800
306141	2004	24.jul.04	3100
306340	2004	24.jul.04	4000
306241	2004	24.jul.04	4500
306331	2004	25.jul.04	1001
306173	2004	25.jul.04	1700
306123	2004	25.jul.04	2300
306303	2004	25.jul.04	5000
306357	2004	25.jul.04	8600
306122	2004	26.jul.04	1800
306163	2004	26.jul.04	2800
306305	2004	26.jul.04	5250
306365	2004	27.jul.04	2700
306353	2004	27.jul.04	5600
306265	2004	27.jul.04	7000
306125	2004	28.jul.04	2200
306316	2004	28.jul.04	2300
306130	2004	28.jul.04	3000
306381	2004	28.jul.04	5800
306304	2004	28.jul.04	6000
306334	2004	29.jul.04	1800
306097	2004	29.jul.04	2200
306238	2004	29.jul.04	5600
306324	2004	30.jul.04	1400
306336	2004	30.jul.04	1700
306105	2004	31.jul.04	2600
306262	2004	31.jul.04	6300
306319	2004	01.aug.04	1200
306232	2004	01.aug.04	1400
306231	2004	02.aug.04	1500
306356	2004	02.aug.04	8600
306294	2004	03.aug.04	1800
306298	2004	03.aug.04	2200
306299	2004	03.aug.04	2600
306147	2004	04.aug.04	2000
306120	2004	04.aug.04	6400
306236	2004	06.aug.04	1900
306339	2004	06.aug.04	2900
306366	2004	06.aug.04	5200
306227	2004	07.aug.04	1600
306345	2004	07.aug.04	5000
306188	2004	07.aug.04	5300
306192	2004	07.aug.04	9800
306115	2004	08.aug.04	3000
306108	2004	08.aug.04	5100
306296	2004	09.aug.04	2200
306341	2004	09.aug.04	3300
306330	2004	10.aug.04	1100
306148	2004	10.aug.04	2000
306378	2004	10.aug.04	2000
306364	2004	10.aug.04	2100
306338	2004	10.aug.04	2100
306295	2004	11.aug.04	1500
306335	2004	11.aug.04	1700
306131	2004	11.aug.04	1800
306107	2004	11.aug.04	5000
306354	2004	11.aug.04	6700
306101	2004	12.aug.04	1000
306111	2004	12.aug.04	1200
306228	2004	12.aug.04	1500
306159	2004	12.aug.04	2000
306157	2004	12.aug.04	2400
306165	2004	12.aug.04	4000
306194	2004	12.aug.04	4100
306189	2004	12.aug.04	5600
306260	2004	12.aug.04	6000
306190	2004	12.aug.04	7100
306149	2004	13.aug.04	2000
306117	2004	13.aug.04	2100
306166	2004	13.aug.04	4000
306380	2004	13.aug.04	6500
306100	2004	14.aug.04	1000
306176	2004	14.aug.04	1000
306229	2004	14.aug.04	1300
306230	2004	14.aug.04	1600
306116	2004	14.aug.04	2100
306096	2004	14.aug.04	2200
306152	2004	14.aug.04	2400
306234	2004	14.aug.04	3500
306112	2004	14.aug.04	4200
306113	2004	14.aug.04	4300
306332	2004	15.aug.04	1300
306145	2004	15.aug.04	1800
306127	2004	15.aug.04	2000
306128	2004	15.aug.04	3200
306140	2004	15.aug.04	3200
306302	2004	15.aug.04	4000
306246	2004	15.aug.04	5200
306184	2004	15.aug.04	8500
306233	2004	16.aug.04	1700
306337	2004	16.aug.04	2100
306237	2004	16.aug.04	2250
306196	2004	16.aug.04	6000
306160	2004	18.aug.04	2400
306317	2004	19.aug.04	1700
306363	2004	19.aug.04	2000
306104	2004	19.aug.04	2360
306158	2004	19.aug.04	2500
306175	2004	19.aug.04	3000
306154	2004	20.aug.04	2300
306258	2004	20.aug.04	6200
306373	2004	21.aug.04	800
306275	2004	21.aug.04	1500
306118	2004	21.aug.04	2500
306362	2004	22.aug.04	1400
306186	2004	22.aug.04	7200
306360	2004	23.aug.04	1100
306375	2004	23.aug.04	1500
306180	2004	23.aug.04	2500
306193	2004	23.aug.04	4100
306261	2004	23.aug.04	6100
306144	2004	24.aug.04	2100
306146	2004	24.aug.04	2100
306257	2004	24.aug.04	2300
306256	2004	24.aug.04	2400
306266	2004	24.aug.04	6000
306119	2004	24.aug.04	6400
306264	2004	24.aug.04	6400
306240	2004	25.aug.04	1500
306153	2004	25.aug.04	1800
306114	2004	25.aug.04	2500
306103	2004	25.aug.04	4500
306333	2004	26.aug.04	1200
306161	2004	26.aug.04	3100
306156	2004	27.aug.04	2200
306177	2004	28.aug.04	1300
306143	2004	28.aug.04	1800
306329	2004	30.aug.04	1000
306370	2004	30.aug.04	2400
306348	2004	30.aug.04	5200
306259	2004	30.aug.04	5800
306377	2004	31.aug.04	2250
306174	2004	31.aug.04	2500
306106	2004	31.aug.04	5300
306359	2004	02.sep.04	2200
306245	2004	04.sep.04	6800
306292	2004	06.sep.04	1000
306178	2004	06.sep.04	1575
306151	2004	06.sep.04	1700
306129	2004	06.sep.04	2500
306132	2004	06.sep.04	4500
306267	2004	06.sep.04	6700
306181	2004	07.sep.04	1930
306321	2004	07.sep.04	2200
306133	2004	07.sep.04	2700
306307	2004	07.sep.04	6500
306343	2004	08.sep.04	3300
316109	2005	08.jun.05	3800
316124	2005	08.jun.05	7600
316125	2005	08.jun.05	9600
316198	2005	08.jun.05	10150
316168	2005	11.jun.05	8300
316123	2005	18.jun.05	8400
316189	2005	19.jun.05	7500
316173	2005	27.jun.05	9000
316174	2005	30.jun.05	9500
316220	2005	02.jul.05	16000
316153	2005	07.jul.05	3200
316187	2005	07.jul.05	3200
316162	2005	07.jul.05	4050
316186	2005	08.jul.05	3000
316101	2005	08.jul.05	3400
316188	2005	09.jul.05	4000
316126	2005	11.jul.05	8100
316221	2005	12.jul.05	2045
316224	2005	12.jul.05	5300
316214	2005	14.jul.05	5700
316185	2005	15.jul.05	3000
316085	2005	16.jul.05	2300
316225	2005	16.jul.05	3500
316058	2005	17.jul.05	1500
316075	2005	17.jul.05	2000
316154	2005	17.jul.05	3300
316155	2005	17.jul.05	3300
316179	2005	18.jul.05	1660
316181	2005	18.jul.05	2000
316180	2005	18.jul.05	2090
316182	2005	19.jul.05	1500
316136	2005	20.jul.05	1900
316061	2005	20.jul.05	2000
316131	2005	21.jul.05	1200
316094	2005	21.jul.05	2300
316146	2005	21.jul.05	2600
316110	2005	21.jul.05	4500
316191	2005	21.jul.05	7150
316217	2005	21.jul.05	9000
316219	2005	22.jul.05	10000
316211	2005	23.jul.05	2200
316184	2005	23.jul.05	2720
316073	2005	24.jul.05	1700
316077	2005	24.jul.05	1900
316212	2005	24.jul.05	2500
316170	2005	24.jul.05	6800
316128	2005	24.jul.05	10300
316135	2005	25.jul.05	2000
316148	2005	25.jul.05	2600
316093	2005	25.jul.05	2800
316130	2005	25.jul.05	2900
316195	2005	25.jul.05	3800
316163	2005	25.jul.05	4000
316166	2005	25.jul.05	4600
316057	2005	26.jul.05	1500
316133	2005	26.jul.05	1700
316143	2005	26.jul.05	2500
316142	2005	26.jul.05	2500
316118	2005	26.jul.05	4000
316120	2005	26.jul.05	5800
316063	2005	28.jul.05	1900
316138	2005	28.jul.05	2000
316147	2005	28.jul.05	2000
316205	2005	28.jul.05	2400
316183	2005	28.jul.05	3000
316157	2005	28.jul.05	3600
316119	2005	28.jul.05	4800
316216	2005	28.jul.05	8000
316100	2005	29.jul.05	3100
316210	2005	29.jul.05	11500
316070	2005	30.jul.05	2000
316206	2005	30.jul.05	4300
316115	2005	30.jul.05	5400
316055	2005	31.jul.05	1200
316145	2005	31.jul.05	2000
316152	2005	31.jul.05	3000
316088	2005	01.aug.05	2500
316091	2005	01.aug.05	2500
316202	2005	02.aug.05	1800
316065	2005	03.aug.05	2100
316204	2005	03.aug.05	2600
316104	2005	03.aug.05	4500
316176	2005	03.aug.05	15000
316086	2005	04.aug.05	2300
316137	2005	04.aug.05	2300
316200	2005	05.aug.05	1300
316066	2005	05.aug.05	1700
316201	2005	05.aug.05	2000
316161	2005	06.aug.05	3400
316116	2005	07.aug.05	5100
316190	2005	08.aug.05	7000
316132	2005	09.aug.05	1400
316203	2005	09.aug.05	2500
316081	2005	09.aug.05	2600
316134	2005	09.aug.05	2700
316159	2005	09.aug.05	3600
316064	2005	10.aug.05	1400
316192	2005	10.aug.05	1800
316151	2005	10.aug.05	2600
316207	2005	10.aug.05	3500
316167	2005	10.aug.05	6500
316107	2005	11.aug.05	4900
316071	2005	12.aug.05	1600
316199	2005	12.aug.05	2600
316098	2005	12.aug.05	3000
316111	2005	12.aug.05	5600
316172	2005	12.aug.05	8000
316072	2005	13.aug.05	1800
316095	2005	13.aug.05	3000
316103	2005	13.aug.05	5600
316080	2005	14.aug.05	2300
316127	2005	14.aug.05	10100
316215	2005	15.aug.05	5500
316164	2005	21.aug.05	5000
316218	2005	21.aug.05	9400
316068	2005	22.aug.05	1200
316074	2005	23.aug.05	2000
316082	2005	23.aug.05	2200
316117	2005	23.aug.05	6000
316178	2005	24.aug.05	8200
316067	2005	25.aug.05	1500
316083	2005	25.aug.05	2000
316108	2005	25.aug.05	3900
316175	2005	25.aug.05	14500
316150	2005	26.aug.05	3000
316092	2005	27.aug.05	2900
316141	2005	28.aug.05	2100
316149	2005	28.aug.05	2400
316069	2005	29.aug.05	1500
316084	2005	29.aug.05	2000
316090	2005	29.aug.05	2200
316096	2005	29.aug.05	3200
316105	2005	29.aug.05	4300
316054	2005	30.aug.05	900
316097	2005	30.aug.05	2500
316193	2005	31.aug.05	2200
316106	2005	31.aug.05	3400
316060	2005	01.sep.05	1600
316078	2005	02.sep.05	2400
316121	2005	02.sep.05	5900
316079	2005	03.sep.05	2000
316222	2005	03.sep.05	2800
316056	2005	04.sep.05	1100
316099	2005	04.sep.05	2900
316114	2005	04.sep.05	5500
316087	2005	06.sep.05	2000
316223	2005	07.sep.05	8700
316059	2005	08.sep.05	1500
316197	2005	08.sep.05	5400
316209	2005	08.sep.05	6000
324664	2006	06.jun.06	1500
324683	2006	08.jun.06	4200
324739	2006	08.jun.06	4800
324638	2006	08.jun.06	8500
324776	2006	09.jun.06	7600
324785	2006	09.jun.06	12800
324744	2006	10.jun.06	5700
324759	2006	10.jun.06	6000
324777	2006	10.jun.06	7200
324778	2006	10.jun.06	8200
324609	2006	11.jun.06	6000
324765	2006	12.jun.06	6800
324769	2006	14.jun.06	5700
324768	2006	14.jun.06	7500
324748	2006	15.jun.06	5000
324679	2006	15.jun.06	5100
324605	2006	17.jun.06	6200
324628	2006	17.jun.06	7200
324589	2006	18.jun.06	4700
324756	2006	18.jun.06	5300
324770	2006	18.jun.06	7600
324615	2006	19.jun.06	6000
324775	2006	20.jun.06	7500
324612	2006	23.jun.06	5500
324608	2006	24.jun.06	5400
324648	2006	25.jun.06	7000
324625	2006	26.jun.06	7000
324621	2006	27.jun.06	6600
324633	2006	27.jun.06	7000
324620	2006	27.jun.06	8700
324774	2006	28.jun.06	7500
324636	2006	28.jun.06	8900
324607	2006	29.jun.06	5500
324634	2006	29.jun.06	8800
324541	2006	30.jun.06	1700
324791	2006	30.jun.06	5600
324761	2006	30.jun.06	6800
324631	2006	30.jun.06	8000
324538	2006	01.jul.06	1600
324592	2006	01.jul.06	4000
324595	2006	01.jul.06	4700
324619	2006	01.jul.06	6200
324773	2006	01.jul.06	6700
324602	2006	02.jul.06	5100
324758	2006	02.jul.06	5500
324764	2006	02.jul.06	6500
324763	2006	02.jul.06	6600
324537	2006	03.jul.06	1600
324738	2006	03.jul.06	4500
324601	2006	03.jul.06	5000
324599	2006	03.jul.06	5500
324767	2006	04.jul.06	6500
324591	2006	05.jul.06	3600
324743	2006	06.jul.06	4300
324643	2006	07.jul.06	5700
324626	2006	07.jul.06	6400
324694	2006	08.jul.06	1500
324727	2006	08.jul.06	2200
324757	2006	08.jul.06	6000
324686	2006	08.jul.06	7500
324557	2006	09.jul.06	2000
324646	2006	09.jul.06	6100
324613	2006	09.jul.06	6600
324649	2006	09.jul.06	6900
324784	2006	09.jul.06	8900
324680	2006	10.jul.06	4600
324606	2006	10.jul.06	5300
324750	2006	11.jul.06	4500
324755	2006	11.jul.06	5500
324753	2006	11.jul.06	6000
324627	2006	11.jul.06	6600
324733	2006	12.jul.06	4300
324598	2006	12.jul.06	4400
324706	2006	13.jul.06	1700
324560	2006	13.jul.06	2000
324593	2006	13.jul.06	4300
324645	2006	13.jul.06	4600
324644	2006	14.jul.06	2200
324542	2006	15.jul.06	1800
324549	2006	15.jul.06	1800
324580	2006	15.jul.06	3000
324614	2006	15.jul.06	5000
324652	2006	15.jul.06	5300
324729	2006	16.jul.06	2800
324749	2006	16.jul.06	4400
324771	2006	16.jul.06	7000
324554	2006	17.jul.06	1800
324566	2006	17.jul.06	2000
324688	2006	18.jul.06	1400
324584	2006	18.jul.06	3200
324674	2006	19.jul.06	3700
324532	2006	20.jul.06	1300
324708	2006	20.jul.06	1600
324716	2006	20.jul.06	1900
324622	2006	20.jul.06	6400
324527	2006	21.jul.06	1500
324617	2006	21.jul.06	5400
324693	2006	22.jul.06	1100
324725	2006	22.jul.06	1900
324559	2006	22.jul.06	2200
324736	2006	22.jul.06	3200
324760	2006	22.jul.06	5000
324624	2006	22.jul.06	5400
324735	2006	23.jul.06	3200
324681	2006	23.jul.06	5000
324604	2006	23.jul.06	5100
324616	2006	23.jul.06	5800
324630	2006	23.jul.06	6000
324533	2006	24.jul.06	1500
324699	2006	24.jul.06	1800
324719	2006	24.jul.06	2100
324724	2006	24.jul.06	2300
324747	2006	24.jul.06	4700
324742	2006	24.jul.06	4700
324707	2006	25.jul.06	1600
324556	2006	25.jul.06	1800
324684	2006	25.jul.06	5500
324786	2006	26.jul.06	2400
324751	2006	26.jul.06	5200
324529	2006	27.jul.06	1300
324660	2006	27.jul.06	1400
324564	2006	27.jul.06	2000
324678	2006	27.jul.06	4700
324659	2006	28.jul.06	1500
324720	2006	28.jul.06	1800
324687	2006	29.jul.06	1600
324576	2006	29.jul.06	2500
324651	2006	29.jul.06	4400
324600	2006	29.jul.06	4700
324713	2006	30.jul.06	2100
324766	2006	30.jul.06	6200
324662	2006	31.jul.06	1500
324639	2006	31.jul.06	1700
324587	2006	31.jul.06	3800
324528	2006	01.aug.06	1100
324550	2006	01.aug.06	1800
324553	2006	01.aug.06	1900
324745	2006	01.aug.06	4000
324654	2006	01.aug.06	11500
324531	2006	02.aug.06	1400
324543	2006	02.aug.06	1500
324594	2006	02.aug.06	4280
324689	2006	02.aug.06	8500
324671	2006	03.aug.06	2400
324732	2006	03.aug.06	4100
324611	2006	03.aug.06	5500
324670	2006	04.aug.06	2150
324663	2006	05.aug.06	1500
324577	2006	06.aug.06	2000
324746	2006	06.aug.06	5700
324623	2006	06.aug.06	6200
324726	2006	07.aug.06	2300
324596	2006	07.aug.06	4000
324710	2006	08.aug.06	1700
324561	2006	08.aug.06	1700
324711	2006	08.aug.06	1900
324712	2006	08.aug.06	2000
324705	2006	09.aug.06	1600
324718	2006	09.aug.06	1900
324728	2006	09.aug.06	2200
324730	2006	09.aug.06	2700
324795	2006	10.aug.06	900
324578	2006	10.aug.06	1700
324581	2006	12.aug.06	2800
324653	2006	12.aug.06	5400
324692	2006	13.aug.06	1000
324722	2006	13.aug.06	2000
324740	2006	13.aug.06	4100
324695	2006	14.aug.06	1100
324563	2006	14.aug.06	2200
324583	2006	14.aug.06	3600
324780	2006	14.aug.06	9000
324552	2006	15.aug.06	1800
324586	2006	15.aug.06	3400
324597	2006	15.aug.06	3400
324525	2006	16.aug.06	1000
324524	2006	16.aug.06	1200
324530	2006	16.aug.06	1300
324717	2006	16.aug.06	1400
324547	2006	16.aug.06	1800
324562	2006	16.aug.06	2400
324737	2006	17.aug.06	4000
324546	2006	18.aug.06	1600
324640	2006	18.aug.06	1800
324642	2006	18.aug.06	1900
324666	2006	20.aug.06	2000
324567	2006	20.aug.06	2200
324665	2006	21.aug.06	1500
324551	2006	21.aug.06	1900
324658	2006	21.aug.06	4500
324690	2006	21.aug.06	5000
324603	2006	21.aug.06	5700
324545	2006	22.aug.06	1700
324568	2006	22.aug.06	2000
324632	2006	22.aug.06	7100
324697	2006	23.aug.06	1500
324523	2006	24.aug.06	1100
324544	2006	25.aug.06	1500
324700	2006	25.aug.06	1700
324698	2006	26.aug.06	1300
324572	2006	26.aug.06	2500
324682	2006	26.aug.06	5840
324526	2006	27.aug.06	1100
324703	2006	27.aug.06	1800
324702	2006	27.aug.06	1900
324715	2006	27.aug.06	2100
324734	2006	27.aug.06	4000
324558	2006	28.aug.06	2100
324565	2006	28.aug.06	2200
324797	2006	30.aug.06	3500
324635	2006	30.aug.06	7700
324536	2006	31.aug.06	1400
324571	2006	31.aug.06	2000
324673	2006	31.aug.06	3000
324691	2006	31.aug.06	5500
324575	2006	01.sep.06	2000
324668	2006	01.sep.06	2000
324574	2006	01.sep.06	2200
324709	2006	02.sep.06	1600
324573	2006	02.sep.06	2400
324539	2006	03.sep.06	1300
324641	2006	04.sep.06	1900
324579	2006	04.sep.06	2300
324675	2006	04.sep.06	3500
324793	2006	04.sep.06	7500
324555	2006	05.sep.06	1900
324569	2006	05.sep.06	2200
324582	2006	05.sep.06	3100
324610	2006	05.sep.06	4500
324618	2006	05.sep.06	6800
324704	2006	06.sep.06	1600
324656	2006	06.sep.06	3700
324789	2006	06.sep.06	4000
324790	2006	06.sep.06	5000
324782	2006	06.sep.06	10000
324661	2006	07.sep.06	1500
324676	2006	07.sep.06	4000
324655	2006	08.sep.06	1300
324570	2006	08.sep.06	1700
324667	2006	08.sep.06	2000
324787	2006	08.sep.06	2400
324731	2006	08.sep.06	3000
324741	2006	08.sep.06	4800
324752	2006	08.sep.06	5200
324792	2006	08.sep.06	5750
324781	2006	08.sep.06	8000
338143	2007	08.jun.07	1100
338097	2007	08.jun.07	8200
338102	2007	11.jun.07	9040
338233	2007	14.jun.07	7000
338112	2007	15.jun.07	13000
338083	2007	19.jun.07	5700
338091	2007	21.jun.07	6200
338100	2007	21.jun.07	7600
338258	2007	22.jun.07	7000
338065	2007	23.jun.07	3700
338267	2007	23.jun.07	4200
338115	2007	25.jun.07	1020
338086	2007	25.jun.07	5700
338131	2007	28.jun.07	5400
338067	2007	29.jun.07	6000
338099	2007	29.jun.07	7500
338001	2007	03.jul.07	1300
338043	2007	03.jul.07	2300
338204	2007	04.jul.07	3800
338226	2007	04.jul.07	5600
338074	2007	05.jul.07	3500
338104	2007	05.jul.07	9000
338235	2007	08.jul.07	8500
338038	2007	09.jul.07	2200
338037	2007	09.jul.07	2200
338211	2007	09.jul.07	4500
338237	2007	10.jul.07	1700
338169	2007	10.jul.07	2000
338196	2007	10.jul.07	3000
338058	2007	10.jul.07	3800
338014	2007	11.jul.07	1000
338015	2007	11.jul.07	1700
338073	2007	12.jul.07	5000
338126	2007	12.jul.07	5100
338030	2007	13.jul.07	2000
338052	2007	13.jul.07	2600
338243	2007	14.jul.07	1600
338203	2007	14.jul.07	4400
338117	2007	15.jul.07	1200
338138	2007	16.jul.07	1000
338031	2007	17.jul.07	2300
338059	2007	17.jul.07	4300
338236	2007	18.jul.07	10300
338002	2007	19.jul.07	1400
338060	2007	19.jul.07	3400
338055	2007	19.jul.07	3700
338220	2007	19.jul.07	5100
338093	2007	19.jul.07	6700
338107	2007	19.jul.07	9300
338095	2007	19.jul.07	9800
338021	2007	20.jul.07	1500
338184	2007	20.jul.07	2600
338061	2007	20.jul.07	3000
338056	2007	20.jul.07	3500
338079	2007	20.jul.07	5000
338217	2007	20.jul.07	5500
338232	2007	20.jul.07	7500
338039	2007	21.jul.07	1700
338057	2007	21.jul.07	2900
338154	2007	22.jul.07	1500
338161	2007	22.jul.07	1900
338215	2007	22.jul.07	4400
338006	2007	23.jul.07	1200
338004	2007	23.jul.07	1400
338010	2007	23.jul.07	1400
338254	2007	23.jul.07	1500
338023	2007	23.jul.07	1800
338022	2007	23.jul.07	2060
338040	2007	23.jul.07	2200
338208	2007	23.jul.07	4200
338078	2007	23.jul.07	4500
338072	2007	23.jul.07	4700
338111	2007	23.jul.07	6000
338007	2007	24.jul.07	1300
338024	2007	24.jul.07	1900
338121	2007	24.jul.07	3000
338062	2007	24.jul.07	3800
338132	2007	24.jul.07	5000
338011	2007	25.jul.07	1200
338025	2007	25.jul.07	1700
338071	2007	25.jul.07	4200
338256	2007	25.jul.07	6000
338153	2007	26.jul.07	1400
338194	2007	26.jul.07	3300
338210	2007	26.jul.07	4300
338214	2007	26.jul.07	4600
338219	2007	26.jul.07	5200
338229	2007	26.jul.07	5800
338242	2007	27.jul.07	1600
338156	2007	27.jul.07	1800
338048	2007	27.jul.07	2600
338049	2007	27.jul.07	2800
338070	2007	27.jul.07	5000
338082	2007	27.jul.07	5200
338118	2007	28.jul.07	2200
338077	2007	29.jul.07	4500
338142	2007	30.jul.07	1100
338152	2007	30.jul.07	1500
338124	2007	30.jul.07	3300
338094	2007	31.jul.07	7200
338114	2007	31.jul.07	13500
338192	2007	01.aug.07	2800
338193	2007	01.aug.07	3100
338200	2007	01.aug.07	4100
338250	2007	01.aug.07	5000
338144	2007	02.aug.07	1300
338151	2007	02.aug.07	1300
338016	2007	02.aug.07	1700
338019	2007	03.aug.07	1700
338264	2007	03.aug.07	3100
338263	2007	03.aug.07	4700
337999	2007	04.aug.07	700
338245	2007	04.aug.07	3000
338125	2007	04.aug.07	3800
338174	2007	05.aug.07	2300
338248	2007	05.aug.07	4000
338209	2007	05.aug.07	4100
338249	2007	05.aug.07	4100
338113	2007	05.aug.07	12500
338008	2007	06.aug.07	1100
338026	2007	07.aug.07	1700
338171	2007	07.aug.07	2300
338246	2007	07.aug.07	3200
338224	2007	08.aug.07	4700
338227	2007	08.aug.07	6000
338148	2007	09.aug.07	1500
338017	2007	09.aug.07	1800
338163	2007	09.aug.07	2000
338183	2007	09.aug.07	2600
338063	2007	09.aug.07	3450
338199	2007	09.aug.07	4000
363275	2007	10.aug.07	960
338036	2007	10.aug.07	2000
338225	2007	10.aug.07	5300
338259	2007	11.aug.07	1300
338027	2007	11.aug.07	1800
338149	2007	11.aug.07	1900
338179	2007	11.aug.07	2000
338218	2007	11.aug.07	5300
338228	2007	11.aug.07	5800
338108	2007	12.aug.07	9400
338253	2007	13.aug.07	1000
338172	2007	13.aug.07	1800
338191	2007	13.aug.07	3800
338207	2007	13.aug.07	5200
338069	2007	14.aug.07	5200
338159	2007	15.aug.07	1600
338223	2007	15.aug.07	5200
338265	2007	15.aug.07	5700
338244	2007	16.aug.07	2450
338106	2007	16.aug.07	8900
338141	2007	17.aug.07	1300
338168	2007	17.aug.07	2000
338050	2007	17.aug.07	3000
338066	2007	17.aug.07	3800
338090	2007	17.aug.07	5800
338240	2007	18.aug.07	800
338020	2007	18.aug.07	1600
338033	2007	18.aug.07	2000
338032	2007	18.aug.07	2300
338190	2007	18.aug.07	2640
338205	2007	18.aug.07	4300
338147	2007	19.aug.07	1600
338241	2007	19.aug.07	1650
338178	2007	19.aug.07	2800
338187	2007	19.aug.07	2900
338087	2007	19.aug.07	6000
338155	2007	20.aug.07	2000
338053	2007	20.aug.07	2800
338089	2007	20.aug.07	6400
338139	2007	21.aug.07	1000
338162	2007	21.aug.07	1700
338045	2007	21.aug.07	2400
338046	2007	21.aug.07	2700
338116	2007	22.aug.07	1000
338145	2007	22.aug.07	1300
338018	2007	22.aug.07	1600
338173	2007	22.aug.07	2200
338080	2007	22.aug.07	3800
338084	2007	22.aug.07	5800
338185	2007	23.aug.07	2500
338182	2007	23.aug.07	2600
338129	2007	23.aug.07	3300
338252	2007	24.aug.07	800
338262	2007	24.aug.07	5640
338092	2007	24.aug.07	5800
338137	2007	24.aug.07	9600
338167	2007	25.aug.07	2100
338177	2007	25.aug.07	2600
338202	2007	25.aug.07	3100
338005	2007	26.aug.07	1300
338035	2007	26.aug.07	1500
338176	2007	26.aug.07	2500
338128	2007	26.aug.07	3600
338076	2007	26.aug.07	5400
338181	2007	27.aug.07	2800
338088	2007	27.aug.07	5400
338222	2007	27.aug.07	5700
338212	2007	27.aug.07	5900
338054	2007	28.aug.07	3300
338158	2007	29.aug.07	1600
338120	2007	29.aug.07	1800
338166	2007	29.aug.07	1900
338044	2007	29.aug.07	2600
338123	2007	29.aug.07	2600
363526	2007	29.aug.07	5300
338157	2007	30.aug.07	800
338003	2007	30.aug.07	1000
338186	2007	30.aug.07	3400
338119	2007	31.aug.07	2000
338195	2007	31.aug.07	3300
338068	2007	31.aug.07	4000
338266	2007	31.aug.07	6100
338122	2007	01.sep.07	2600
338075	2007	02.sep.07	4000
338127	2007	02.sep.07	4100
338133	2007	02.sep.07	4440
338130	2007	02.sep.07	4700
338257	2007	02.sep.07	6500
338013	2007	03.sep.07	1250
338160	2007	03.sep.07	1700
338012	2007	04.sep.07	1400
338170	2007	04.sep.07	1900
338175	2007	04.sep.07	2200
338189	2007	04.sep.07	2500
338255	2007	04.sep.07	2850
338180	2007	04.sep.07	2900
338009	2007	05.sep.07	1000
338028	2007	05.sep.07	1800
338041	2007	05.sep.07	2000
338101	2007	05.sep.07	7800
338239	2007	06.sep.07	1200
338029	2007	06.sep.07	1500
338146	2007	06.sep.07	1500
338150	2007	06.sep.07	1500
338165	2007	06.sep.07	2200
338201	2007	06.sep.07	5500
338135	2007	06.sep.07	5700
338034	2007	07.sep.07	1800
338188	2007	07.sep.07	2200
338140	2007	08.sep.07	1300
338197	2007	08.sep.07	2800
363686	2008	08.jun.08	2800
363464	2008	08.jun.08	4900
363529	2008	08.jun.08	5000
363527	2008	08.jun.08	6300
363528	2008	08.jun.08	6400
363687	2008	08.jun.08	6500
363875	2008	08.jun.08	7100
363465	2008	08.jun.08	9300
363420	2008	08.jun.08	9500
363421	2008	08.jun.08	10200
363530	2008	09.jun.08	4250
363688	2008	09.jun.08	6200
363466	2008	09.jun.08	7600
363531	2008	10.jun.08	4000
363689	2008	10.jun.08	4500
363303	2008	10.jun.08	4800
363302	2008	10.jun.08	5600
363690	2008	10.jun.08	8500
363887	2008	11.jun.08	3400
363532	2008	11.jun.08	4500
363691	2008	11.jun.08	5000
363422	2008	11.jun.08	9500
363423	2008	12.jun.08	5500
363806	2008	12.jun.08	12900
363822	2008	13.jun.08	3750
363807	2008	13.jun.08	7000
363533	2008	14.jun.08	2400
363823	2008	14.jun.08	4600
363692	2008	14.jun.08	6400
363693	2008	14.jun.08	6500
363694	2008	14.jun.08	9100
363534	2008	15.jun.08	3200
363695	2008	15.jun.08	4000
363696	2008	15.jun.08	4800
363535	2008	15.jun.08	6400
363808	2008	15.jun.08	7100
363824	2008	15.jun.08	7500
363536	2008	16.jun.08	4500
363699	2008	16.jun.08	5200
363698	2008	16.jun.08	5300
363697	2008	16.jun.08	6200
363700	2008	16.jun.08	6250
363701	2008	16.jun.08	7400
363537	2008	17.jun.08	2600
363703	2008	17.jun.08	3900
363538	2008	17.jun.08	4900
363825	2008	17.jun.08	5000
363826	2008	17.jun.08	5000
363704	2008	17.jun.08	5000
363707	2008	17.jun.08	5300
363702	2008	17.jun.08	6000
363705	2008	17.jun.08	6000
363708	2008	17.jun.08	6100
363706	2008	17.jun.08	6300
363876	2008	18.jun.08	4000
363539	2008	18.jun.08	4200
363304	2008	18.jun.08	8000
363827	2008	19.jun.08	2300
363540	2008	20.jun.08	2600
363541	2008	20.jun.08	4000
363709	2008	20.jun.08	4200
363542	2008	20.jun.08	5300
363828	2008	20.jun.08	5300
363710	2008	20.jun.08	5500
363711	2008	20.jun.08	5500
363829	2008	20.jun.08	6300
363712	2008	20.jun.08	7700
363424	2008	20.jun.08	9500
363305	2008	21.jun.08	4500
363830	2008	21.jun.08	5000
363713	2008	21.jun.08	6000
363809	2008	21.jun.08	6500
363543	2008	22.jun.08	4000
363306	2008	22.jun.08	5500
363425	2008	22.jun.08	9600
363831	2008	23.jun.08	3700
363426	2008	23.jun.08	4700
363714	2008	23.jun.08	6700
363545	2008	24.jun.08	3000
363715	2008	24.jun.08	4000
363546	2008	24.jun.08	4600
363544	2008	24.jun.08	4800
363832	2008	24.jun.08	4800
363717	2008	24.jun.08	5200
363833	2008	24.jun.08	5200
363716	2008	24.jun.08	5500
363547	2008	24.jun.08	7600
363718	2008	24.jun.08	8200
363548	2008	24.jun.08	8200
363894	2008	25.jun.08	2300
363719	2008	25.jun.08	4400
363307	2008	25.jun.08	4400
363721	2008	25.jun.08	5200
363720	2008	25.jun.08	5800
363549	2008	25.jun.08	6600
363427	2008	25.jun.08	6600
363834	2008	26.jun.08	2500
363550	2008	26.jun.08	3600
363551	2008	26.jun.08	5300
363722	2008	27.jun.08	3900
363723	2008	27.jun.08	4100
363835	2008	27.jun.08	4800
363552	2008	27.jun.08	5200
363553	2008	27.jun.08	5300
363554	2008	28.jun.08	3900
363724	2008	28.jun.08	4600
363725	2008	28.jun.08	5900
363428	2008	28.jun.08	6000
363308	2008	29.jun.08	6100
363555	2008	30.jun.08	3600
363556	2008	30.jun.08	3600
363836	2008	30.jun.08	6000
363557	2008	30.jun.08	6400
363558	2008	01.jul.08	3400
363309	2008	01.jul.08	3900
363310	2008	02.jul.08	2500
363311	2008	02.jul.08	3100
363559	2008	02.jul.08	5300
363726	2008	02.jul.08	6600
363429	2008	02.jul.08	7000
363430	2008	02.jul.08	9000
363560	2008	03.jul.08	6800
363868	2008	04.jul.08	4000
363837	2008	04.jul.08	4400
363561	2008	04.jul.08	5500
363431	2008	04.jul.08	6000
363467	2008	04.jul.08	8000
363432	2008	05.jul.08	4900
363433	2008	05.jul.08	5600
363562	2008	06.jul.08	2700
363563	2008	06.jul.08	3200
363313	2008	06.jul.08	3300
363564	2008	06.jul.08	3450
363314	2008	06.jul.08	3700
363838	2008	06.jul.08	4700
363434	2008	06.jul.08	5100
363312	2008	06.jul.08	6300
363727	2008	06.jul.08	6400
363728	2008	06.jul.08	6500
363435	2008	06.jul.08	6500
363729	2008	07.jul.08	4500
363472	2008	07.jul.08	4700
363730	2008	07.jul.08	5100
363436	2008	07.jul.08	5500
363565	2008	07.jul.08	6200
363878	2008	08.jul.08	2500
363566	2008	08.jul.08	3500
363568	2008	08.jul.08	4000
363905	2008	08.jul.08	4000
363317	2008	08.jul.08	4300
363569	2008	08.jul.08	4900
363841	2008	08.jul.08	4900
363732	2008	08.jul.08	5500
363570	2008	08.jul.08	5500
363316	2008	08.jul.08	5500
363567	2008	08.jul.08	5600
363877	2008	08.jul.08	5700
363839	2008	08.jul.08	5700
363315	2008	08.jul.08	5800
363731	2008	08.jul.08	6500
363840	2008	08.jul.08	9000
363495	2008	09.jul.08	1450
363318	2008	09.jul.08	3200
363319	2008	09.jul.08	4200
363842	2008	09.jul.08	4500
363843	2008	09.jul.08	4700
363571	2008	09.jul.08	5700
363733	2008	09.jul.08	6000
363572	2008	09.jul.08	6300
363573	2008	09.jul.08	7300
363320	2008	10.jul.08	3300
363321	2008	10.jul.08	3700
363574	2008	10.jul.08	4200
363575	2008	10.jul.08	4800
363734	2008	10.jul.08	4900
363735	2008	10.jul.08	5200
363736	2008	10.jul.08	5200
363738	2008	10.jul.08	5800
363576	2008	10.jul.08	6000
363737	2008	10.jul.08	6800
363577	2008	10.jul.08	7000
363437	2008	11.jul.08	4200
363739	2008	11.jul.08	4500
363578	2008	11.jul.08	5200
363580	2008	11.jul.08	7200
363579	2008	11.jul.08	7500
363740	2008	11.jul.08	8400
363582	2008	12.jul.08	3700
363584	2008	12.jul.08	3700
363583	2008	12.jul.08	4000
363585	2008	12.jul.08	4400
363581	2008	12.jul.08	4500
363741	2008	12.jul.08	4500
363844	2008	12.jul.08	4600
363805	2008	12.jul.08	5300
363742	2008	12.jul.08	5800
363586	2008	12.jul.08	6000
363845	2008	12.jul.08	6500
363588	2008	13.jul.08	2400
363276	2008	13.jul.08	2600
363589	2008	13.jul.08	2700
363590	2008	13.jul.08	3000
363591	2008	13.jul.08	3300
363869	2008	13.jul.08	4000
363587	2008	13.jul.08	5000
363593	2008	13.jul.08	5300
363744	2008	13.jul.08	5700
363879	2008	13.jul.08	6100
363743	2008	13.jul.08	6200
363438	2008	13.jul.08	6500
363594	2008	14.jul.08	3700
363322	2008	14.jul.08	3700
363596	2008	14.jul.08	3900
363745	2008	14.jul.08	4800
363846	2008	14.jul.08	5000
363439	2008	14.jul.08	5000
363595	2008	14.jul.08	6000
363746	2008	14.jul.08	6300
363323	2008	15.jul.08	2500
363324	2008	15.jul.08	3400
363598	2008	15.jul.08	4500
363597	2008	15.jul.08	5200
363810	2008	15.jul.08	7500
363496	2008	16.jul.08	1600
363599	2008	16.jul.08	3500
363600	2008	16.jul.08	4200
363747	2008	16.jul.08	5300
363440	2008	16.jul.08	7400
363748	2008	16.jul.08	8200
363601	2008	17.jul.08	1700
363895	2008	17.jul.08	3000
363325	2008	17.jul.08	4300
363603	2008	17.jul.08	4700
363602	2008	17.jul.08	5000
363749	2008	17.jul.08	5500
363750	2008	17.jul.08	6400
363326	2008	17.jul.08	6700
363880	2008	17.jul.08	7300
363859	2008	18.jul.08	2200
363441	2008	18.jul.08	3000
363751	2008	18.jul.08	4100
363604	2008	18.jul.08	4200
363442	2008	18.jul.08	5000
363605	2008	18.jul.08	5200
363327	2008	18.jul.08	5200
363752	2008	18.jul.08	5600
363468	2008	18.jul.08	8200
363609	2008	19.jul.08	3100
363811	2008	19.jul.08	4400
363753	2008	19.jul.08	4700
363812	2008	19.jul.08	4700
363606	2008	19.jul.08	5800
363608	2008	19.jul.08	5900
363607	2008	19.jul.08	6000
363328	2008	19.jul.08	6400
363498	2008	20.jul.08	1000
363499	2008	20.jul.08	1500
363277	2008	20.jul.08	1800
363329	2008	20.jul.08	2000
363497	2008	20.jul.08	2200
363813	2008	20.jul.08	6300
363847	2008	20.jul.08	6800
363610	2008	20.jul.08	7600
363814	2008	20.jul.08	8200
363754	2008	21.jul.08	4400
363443	2008	21.jul.08	5000
363815	2008	21.jul.08	5200
363611	2008	21.jul.08	5800
363755	2008	21.jul.08	6500
363756	2008	21.jul.08	6500
363500	2008	22.jul.08	800
363330	2008	22.jul.08	3400
363757	2008	22.jul.08	3600
363896	2008	22.jul.08	4000
363758	2008	22.jul.08	4400
363331	2008	22.jul.08	4500
363444	2008	22.jul.08	4700
363612	2008	22.jul.08	5100
363613	2008	23.jul.08	2000
363759	2008	23.jul.08	5300
363760	2008	23.jul.08	5700
363761	2008	23.jul.08	6500
363614	2008	24.jul.08	2000
363332	2008	24.jul.08	2500
363762	2008	24.jul.08	4100
363763	2008	24.jul.08	4900
363870	2008	24.jul.08	5500
363615	2008	24.jul.08	6200
363501	2008	25.jul.08	1800
363278	2008	25.jul.08	2600
363897	2008	25.jul.08	3200
363333	2008	25.jul.08	7000
363616	2008	26.jul.08	2100
363617	2008	26.jul.08	3950
363619	2008	26.jul.08	4300
363620	2008	26.jul.08	4500
363445	2008	26.jul.08	4500
363334	2008	26.jul.08	5700
363618	2008	26.jul.08	6300
363502	2008	27.jul.08	2600
363621	2008	27.jul.08	3000
363335	2008	27.jul.08	3000
363622	2008	27.jul.08	4600
363764	2008	27.jul.08	5600
363765	2008	27.jul.08	7100
363623	2008	28.jul.08	2300
363624	2008	28.jul.08	4300
363336	2008	28.jul.08	5000
363337	2008	28.jul.08	5300
363860	2008	29.jul.08	1400
363503	2008	29.jul.08	2000
363625	2008	29.jul.08	3300
363446	2008	29.jul.08	4400
363338	2008	30.jul.08	2500
363447	2008	30.jul.08	3300
363463	2008	30.jul.08	3600
363626	2008	30.jul.08	4300
363627	2008	30.jul.08	4300
363848	2008	30.jul.08	5500
363339	2008	30.jul.08	5500
363504	2008	31.jul.08	1850
363340	2008	31.jul.08	3000
363849	2008	31.jul.08	3600
363341	2008	31.jul.08	3900
363629	2008	31.jul.08	4500
363628	2008	31.jul.08	6000
363766	2008	31.jul.08	6500
363505	2008	01.aug.08	1250
363630	2008	01.aug.08	2800
363342	2008	01.aug.08	4700
363871	2008	01.aug.08	6000
363767	2008	01.aug.08	7600
363768	2008	01.aug.08	9800
363279	2008	02.aug.08	1200
363343	2008	02.aug.08	2300
363506	2008	02.aug.08	2700
363632	2008	02.aug.08	4700
363448	2008	02.aug.08	5700
363631	2008	02.aug.08	7500
363770	2008	02.aug.08	8000
363769	2008	02.aug.08	9500
363507	2008	03.aug.08	1300
363280	2008	03.aug.08	2000
363345	2008	03.aug.08	2200
363347	2008	03.aug.08	2600
363346	2008	03.aug.08	2700
363348	2008	03.aug.08	3000
363473	2008	03.aug.08	3100
363771	2008	03.aug.08	4100
363634	2008	03.aug.08	4200
363344	2008	03.aug.08	4200
363776	2008	03.aug.08	4300
363777	2008	03.aug.08	4300
363772	2008	03.aug.08	4800
363449	2008	03.aug.08	4900
363773	2008	03.aug.08	5200
363850	2008	03.aug.08	5300
363774	2008	03.aug.08	6000
363816	2008	03.aug.08	6300
363775	2008	03.aug.08	6300
363779	2008	03.aug.08	6600
363633	2008	03.aug.08	6700
363778	2008	03.aug.08	6800
363780	2008	03.aug.08	6800
363851	2008	03.aug.08	7100
363450	2008	03.aug.08	7300
363635	2008	03.aug.08	7500
363889	2008	03.aug.08	8000
363469	2008	03.aug.08	8400
363817	2008	03.aug.08	10400
363351	2008	04.aug.08	2500
363636	2008	04.aug.08	3500
363782	2008	04.aug.08	4200
363352	2008	04.aug.08	4200
363349	2008	04.aug.08	4600
363781	2008	04.aug.08	5300
363350	2008	04.aug.08	8000
363886	2008	04.aug.08	8500
363508	2008	05.aug.08	1500
363509	2008	05.aug.08	2500
363355	2008	05.aug.08	2500
363354	2008	05.aug.08	2700
363474	2008	05.aug.08	3200
363637	2008	05.aug.08	3800
363638	2008	05.aug.08	4000
363639	2008	05.aug.08	5000
363356	2008	05.aug.08	5200
363821	2008	05.aug.08	6000
363353	2008	05.aug.08	6000
363357	2008	05.aug.08	6500
363783	2008	05.aug.08	6800
363785	2008	05.aug.08	8000
363784	2008	05.aug.08	8300
363640	2008	06.aug.08	3000
363642	2008	06.aug.08	3000
363360	2008	06.aug.08	3400
363359	2008	06.aug.08	3500
363362	2008	06.aug.08	4100
363786	2008	06.aug.08	4200
363358	2008	06.aug.08	4500
363361	2008	06.aug.08	5000
363643	2008	06.aug.08	5300
363787	2008	06.aug.08	5800
363641	2008	06.aug.08	6500
363852	2008	06.aug.08	9200
363281	2008	07.aug.08	1000
363363	2008	07.aug.08	2500
363364	2008	07.aug.08	4000
363365	2008	07.aug.08	4200
363788	2008	07.aug.08	6500
363789	2008	07.aug.08	8000
363282	2008	08.aug.08	1600
363367	2008	08.aug.08	2000
363368	2008	08.aug.08	3000
363366	2008	08.aug.08	4600
363644	2008	08.aug.08	6200
363790	2008	08.aug.08	7000
363510	2008	09.aug.08	2000
363369	2008	09.aug.08	2000
363511	2008	09.aug.08	2300
363645	2008	09.aug.08	2400
363512	2008	09.aug.08	2400
363513	2008	09.aug.08	2500
363370	2008	09.aug.08	4500
363818	2008	09.aug.08	5000
363791	2008	09.aug.08	8600
363283	2008	10.aug.08	1500
363371	2008	10.aug.08	2000
363646	2008	10.aug.08	2300
363372	2008	10.aug.08	2500
363451	2008	10.aug.08	2950
363374	2008	10.aug.08	3400
363647	2008	10.aug.08	3800
363373	2008	10.aug.08	3800
363375	2008	10.aug.08	4200
363376	2008	10.aug.08	5100
363819	2008	10.aug.08	7500
363792	2008	10.aug.08	7800
363378	2008	11.aug.08	2700
363475	2008	11.aug.08	3000
363377	2008	11.aug.08	3700
363648	2008	11.aug.08	4900
363793	2008	11.aug.08	5600
363794	2008	11.aug.08	5900
363470	2008	11.aug.08	9300
363861	2008	12.aug.08	1500
363514	2008	12.aug.08	1600
363379	2008	12.aug.08	1800
363380	2008	12.aug.08	2800
363796	2008	12.aug.08	2900
363452	2008	12.aug.08	4300
363881	2008	12.aug.08	4500
363795	2008	12.aug.08	5200
363649	2008	12.aug.08	5600
363285	2008	13.aug.08	600
363284	2008	13.aug.08	1600
363381	2008	13.aug.08	2200
363382	2008	13.aug.08	2500
363453	2008	13.aug.08	6600
363797	2008	13.aug.08	7800
363286	2008	14.aug.08	1000
363515	2008	14.aug.08	1300
363650	2008	14.aug.08	3200
363383	2008	14.aug.08	3500
363853	2008	14.aug.08	5000
363908	2008	14.aug.08	5000
363651	2008	14.aug.08	7000
363798	2008	14.aug.08	7100
363820	2008	14.aug.08	8000
363517	2008	15.aug.08	1200
363301	2008	15.aug.08	1900
363384	2008	15.aug.08	2000
363516	2008	15.aug.08	2500
363454	2008	15.aug.08	3300
363799	2008	15.aug.08	3400
363652	2008	15.aug.08	4500
363653	2008	15.aug.08	5200
363387	2008	16.aug.08	3000
363654	2008	16.aug.08	3400
363385	2008	16.aug.08	4500
363386	2008	16.aug.08	5100
363287	2008	17.aug.08	1200
363525	2008	17.aug.08	1300
363288	2008	17.aug.08	1700
363389	2008	17.aug.08	2300
363655	2008	17.aug.08	2800
363388	2008	17.aug.08	2900
363390	2008	17.aug.08	3200
363800	2008	17.aug.08	3300
363391	2008	17.aug.08	4000
363890	2008	17.aug.08	4600
363289	2008	18.aug.08	1000
363392	2008	18.aug.08	2700
363394	2008	18.aug.08	2800
363393	2008	18.aug.08	3000
363854	2008	18.aug.08	3700
363801	2008	18.aug.08	6400
363290	2008	19.aug.08	1700
363291	2008	19.aug.08	1800
363518	2008	19.aug.08	2400
363656	2008	19.aug.08	3400
363395	2008	19.aug.08	4000
363657	2008	19.aug.08	4800
363658	2008	19.aug.08	6300
363855	2008	19.aug.08	6500
363862	2008	20.aug.08	1400
363863	2008	20.aug.08	1500
363396	2008	20.aug.08	3500
363397	2008	20.aug.08	3600
363398	2008	20.aug.08	5700
363659	2008	20.aug.08	5900
363292	2008	21.aug.08	950
363519	2008	21.aug.08	1500
363399	2008	21.aug.08	3000
363660	2008	21.aug.08	4000
363400	2008	21.aug.08	4300
363419	2008	21.aug.08	4800
363455	2008	21.aug.08	5000
363293	2008	22.aug.08	1100
363520	2008	22.aug.08	1200
363294	2008	22.aug.08	1600
363898	2008	22.aug.08	2700
363401	2008	22.aug.08	3600
363456	2008	22.aug.08	4300
363802	2008	22.aug.08	5500
363402	2008	23.aug.08	1900
363884	2008	23.aug.08	8400
363403	2008	24.aug.08	3700
363295	2008	25.aug.08	1900
363457	2008	25.aug.08	8400
363899	2008	26.aug.08	2200
363872	2008	26.aug.08	2400
363885	2008	26.aug.08	5000
363404	2008	26.aug.08	5900
363864	2008	27.aug.08	2700
363661	2008	27.aug.08	3900
363873	2008	27.aug.08	4200
363458	2008	27.aug.08	4700
363296	2008	28.aug.08	1100
363405	2008	28.aug.08	2500
363406	2008	28.aug.08	3400
363459	2008	28.aug.08	3500
363662	2008	28.aug.08	3800
363663	2008	28.aug.08	5900
363865	2008	29.aug.08	1600
363407	2008	29.aug.08	3100
363664	2008	29.aug.08	4300
363665	2008	29.aug.08	4400
363666	2008	29.aug.08	5500
363667	2008	29.aug.08	5500
363856	2008	30.aug.08	1300
363866	2008	30.aug.08	2300
363297	2008	30.aug.08	2400
363460	2008	30.aug.08	4800
363882	2008	30.aug.08	6000
363408	2008	31.aug.08	2300
363668	2008	31.aug.08	3100
363669	2008	31.aug.08	4700
363298	2008	01.sep.08	1000
363893	2008	01.sep.08	1200
363521	2008	01.sep.08	1300
363867	2008	01.sep.08	1400
363670	2008	01.sep.08	2700
363803	2008	01.sep.08	4300
363874	2008	02.sep.08	2000
363522	2008	02.sep.08	2100
363523	2008	03.sep.08	2000
363671	2008	03.sep.08	4100
363857	2008	03.sep.08	4200
363672	2008	03.sep.08	4400
363409	2008	03.sep.08	5500
363674	2008	04.sep.08	3600
363673	2008	04.sep.08	4500
363461	2008	04.sep.08	5000
363675	2008	04.sep.08	6300
363410	2008	04.sep.08	6300
363299	2008	05.sep.08	1300
363413	2008	05.sep.08	2200
363411	2008	05.sep.08	2500
363412	2008	05.sep.08	2600
363471	2008	05.sep.08	8100
363415	2008	06.sep.08	3300
363676	2008	06.sep.08	3700
363804	2008	06.sep.08	3900
363677	2008	06.sep.08	5300
363414	2008	06.sep.08	5900
363524	2008	07.sep.08	1200
363416	2008	07.sep.08	2700
363678	2008	07.sep.08	3800
363679	2008	07.sep.08	5500
363417	2008	08.sep.08	5100
406008	2009	08.jun.09	4800
406040	2009	08.jun.09	7500
405759	2009	09.jun.09	4000
406009	2009	10.jun.09	4600
406042	2009	10.jun.09	8200
405794	2009	11.jun.09	9700
405780	2009	13.jun.09	5500
405797	2009	13.jun.09	9800
406037	2009	14.jun.09	7000
406019	2009	16.jun.09	6100
406014	2009	17.jun.09	5600
406015	2009	18.jun.09	6000
406007	2009	20.jun.09	5000
406036	2009	20.jun.09	7700
406041	2009	24.jun.09	9300
405772	2009	25.jun.09	5000
405783	2009	25.jun.09	7000
405999	2009	26.jun.09	2900
406025	2009	26.jun.09	7000
406026	2009	26.jun.09	7500
405790	2009	26.jun.09	8300
405782	2009	27.jun.09	6700
406017	2009	28.jun.09	6200
405806	2009	28.jun.09	8100
406016	2009	29.jun.09	6000
406064	2009	29.jun.09	9100
405805	2009	29.jun.09	9300
406002	2009	30.jun.09	4500
406034	2009	30.jun.09	7200
406020	2009	01.jul.09	6900
406138	2009	01.jul.09	10000
406006	2009	02.jul.09	4300
406046	2009	02.jul.09	11400
405804	2009	03.jul.09	9200
406032	2009	04.jul.09	6700
405747	2009	05.jul.09	3800
405963	2009	06.jul.09	5000
406028	2009	06.jul.09	7400
405975	2009	06.jul.09	7500
405714	2009	07.jul.09	1300
405746	2009	07.jul.09	3500
405764	2009	07.jul.09	3500
405777	2009	07.jul.09	4500
405776	2009	07.jul.09	5000
405791	2009	07.jul.09	7200
406085	2009	07.jul.09	15000
406027	2009	08.jul.09	7100
406001	2009	09.jul.09	4000
405810	2009	09.jul.09	13000
406043	2009	09.jul.09	16000
406074	2009	10.jul.09	2600
406021	2009	10.jul.09	6600
405801	2009	10.jul.09	8500
406080	2009	10.jul.09	9500
406082	2009	10.jul.09	10800
406063	2009	10.jul.09	14000
405749	2009	11.jul.09	4400
406038	2009	11.jul.09	7300
405745	2009	13.jul.09	3100
406011	2009	13.jul.09	5100
405998	2009	14.jul.09	1700
405741	2009	15.jul.09	2600
406098	2009	15.jul.09	4080
406044	2009	15.jul.09	10100
405997	2009	16.jul.09	1500
406012	2009	16.jul.09	4800
406092	2009	16.jul.09	5100
406022	2009	16.jul.09	6000
405787	2009	16.jul.09	7000
405733	2009	17.jul.09	2500
405751	2009	17.jul.09	3500
405793	2009	17.jul.09	7600
406045	2009	17.jul.09	10000
406003	2009	18.jul.09	3700
406071	2009	18.jul.09	7400
406031	2009	18.jul.09	7700
405792	2009	19.jul.09	7300
405786	2009	19.jul.09	8300
406039	2009	19.jul.09	8700
405717	2009	20.jul.09	1600
406018	2009	20.jul.09	5200
406023	2009	20.jul.09	5600
405785	2009	20.jul.09	7100
406049	2009	21.jul.09	810
405742	2009	21.jul.09	3000
405775	2009	21.jul.09	5500
405778	2009	21.jul.09	7500
406035	2009	21.jul.09	7700
405799	2009	21.jul.09	10400
406004	2009	22.jul.09	3600
405763	2009	25.jul.09	3800
405774	2009	25.jul.09	4600
406093	2009	25.jul.09	5100
406079	2009	25.jul.09	10000
405945	2009	26.jul.09	2400
405965	2009	26.jul.09	4500
406065	2009	26.jul.09	9500
405953	2009	27.jul.09	3000
405760	2009	27.jul.09	4100
405802	2009	27.jul.09	6300
405800	2009	27.jul.09	7700
405788	2009	27.jul.09	7800
406048	2009	28.jul.09	1700
406050	2009	28.jul.09	4000
405969	2009	28.jul.09	6800
405720	2009	29.jul.09	1500
405768	2009	29.jul.09	4800
406094	2009	29.jul.09	8200
405712	2009	30.jul.09	1000
405981	2009	30.jul.09	1300
405727	2009	30.jul.09	1800
405726	2009	31.jul.09	1900
405798	2009	31.jul.09	10100
405905	2009	01.aug.09	1000
405908	2009	01.aug.09	1200
405911	2009	01.aug.09	1500
405939	2009	01.aug.09	2200
405954	2009	01.aug.09	3200
406005	2009	01.aug.09	4300
405769	2009	01.aug.09	4500
405973	2009	01.aug.09	6800
405977	2009	01.aug.09	9600
405725	2009	02.aug.09	1800
405740	2009	02.aug.09	3200
406024	2009	02.aug.09	6800
405721	2009	03.aug.09	1560
405946	2009	03.aug.09	2300
406000	2009	03.aug.09	2500
405752	2009	04.aug.09	3600
405766	2009	04.aug.09	3900
406033	2009	04.aug.09	7500
406061	2009	04.aug.09	7800
405907	2009	05.aug.09	1100
405910	2009	05.aug.09	1200
405724	2009	06.aug.09	1700
405771	2009	06.aug.09	4300
405928	2009	07.aug.09	2000
405940	2009	07.aug.09	2200
405708	2009	08.aug.09	1100
405739	2009	08.aug.09	2400
405762	2009	08.aug.09	4300
405914	2009	09.aug.09	1100
405919	2009	09.aug.09	1500
406029	2009	09.aug.09	4750
405731	2009	10.aug.09	2000
405738	2009	10.aug.09	2500
405770	2009	10.aug.09	3900
405709	2009	11.aug.09	1100
405936	2009	11.aug.09	2000
405941	2009	12.aug.09	1500
405735	2009	12.aug.09	2400
405750	2009	12.aug.09	3100
405974	2009	12.aug.09	8600
405929	2009	13.aug.09	1700
405935	2009	13.aug.09	2000
405947	2009	13.aug.09	2400
405926	2009	14.aug.09	1600
405736	2009	14.aug.09	2800
405789	2009	14.aug.09	5700
405932	2009	15.aug.09	2000
405956	2009	15.aug.09	3200
405767	2009	15.aug.09	3300
405920	2009	15.aug.09	4400
405728	2009	16.aug.09	2000
405757	2009	16.aug.09	3400
405915	2009	17.aug.09	1700
406124	2009	17.aug.09	2800
405773	2009	17.aug.09	3900
406062	2009	17.aug.09	12000
405706	2009	18.aug.09	1000
405964	2009	18.aug.09	4800
405978	2009	18.aug.09	10000
405980	2009	19.aug.09	1700
405933	2009	19.aug.09	1800
405949	2009	19.aug.09	2600
405950	2009	19.aug.09	2800
405948	2009	19.aug.09	3400
406078	2009	19.aug.09	7000
405976	2009	19.aug.09	10500
405707	2009	20.aug.09	1000
405744	2009	20.aug.09	3000
405755	2009	20.aug.09	3300
405906	2009	21.aug.09	1100
405711	2009	21.aug.09	1400
405723	2009	21.aug.09	1600
405925	2009	21.aug.09	1800
406068	2009	21.aug.09	2100
405942	2009	21.aug.09	2300
405743	2009	21.aug.09	2800
406076	2009	21.aug.09	3400
406077	2009	21.aug.09	5000
405710	2009	22.aug.09	1100
405909	2009	22.aug.09	1100
405705	2009	22.aug.09	1200
405719	2009	22.aug.09	1700
405955	2009	22.aug.09	2500
405734	2009	22.aug.09	3100
405781	2009	22.aug.09	6700
405796	2009	22.aug.09	8000
405803	2009	22.aug.09	10200
405716	2009	23.aug.09	1300
405931	2009	23.aug.09	1800
405730	2009	23.aug.09	2000
405944	2009	23.aug.09	2100
405937	2009	23.aug.09	2500
405972	2009	23.aug.09	6900
405715	2009	24.aug.09	1500
405718	2009	24.aug.09	1500
405748	2009	24.aug.09	2700
405795	2009	24.aug.09	7800
405912	2009	25.aug.09	1000
405917	2009	25.aug.09	1600
405722	2009	25.aug.09	1700
405732	2009	25.aug.09	1850
406091	2009	25.aug.09	2000
406090	2009	25.aug.09	2000
406097	2009	25.aug.09	11900
405916	2009	26.aug.09	1300
405765	2009	26.aug.09	4500
405962	2009	27.aug.09	4500
405968	2009	27.aug.09	5500
405737	2009	28.aug.09	2600
405779	2009	28.aug.09	4700
405967	2009	28.aug.09	5500
406095	2009	28.aug.09	8500
406096	2009	28.aug.09	10250
406083	2009	29.aug.09	4000
406084	2009	29.aug.09	10400
405713	2009	30.aug.09	1300
405943	2009	31.aug.09	2500
405951	2009	01.sep.09	2600
405927	2009	02.sep.09	1600
405924	2009	03.sep.09	1200
405921	2009	04.sep.09	1500
405952	2009	04.sep.09	2500
405938	2009	04.sep.09	2700
405957	2009	05.sep.09	3200
405960	2009	05.sep.09	5400
405913	2009	06.sep.09	1400
405923	2009	06.sep.09	1800
405934	2009	06.sep.09	2500
406060	2009	06.sep.09	3100
406086	2009	07.sep.09	1200
405729	2009	07.sep.09	2000
406070	2009	07.sep.09	6000
405922	2009	08.sep.09	1700
405961	2009	08.sep.09	4700
933253	2010	01.jun.10	6800
933491	2010	01.jun.10	8000
933289	2010	01.jun.10	11200
933472	2010	03.jun.10	6500
933266	2010	04.jun.10	6500
933277	2010	04.jun.10	10800
933278	2010	05.jun.10	11400
933282	2010	07.jun.10	8600
933190	2010	08.jun.10	2900
933182	2010	10.jun.10	2900
933496	2010	10.jun.10	9000
933471	2010	11.jun.10	4800
933269	2010	11.jun.10	7800
933205	2010	12.jun.10	2600
933275	2010	12.jun.10	9200
933276	2010	12.jun.10	9600
933485	2010	13.jun.10	8000
933503	2010	13.jun.10	9300
933255	2010	14.jun.10	5700
933508	2010	14.jun.10	11000
933493	2010	15.jun.10	7600
933288	2010	16.jun.10	8000
933502	2010	17.jun.10	7800
933505	2010	17.jun.10	9500
933509	2010	17.jun.10	11400
933510	2010	17.jun.10	14000
933244	2010	18.jun.10	5200
933265	2010	18.jun.10	8900
933445	2010	20.jun.10	3200
934018	2010	20.jun.10	3900
933263	2010	22.jun.10	7100
933191	2010	23.jun.10	3200
933250	2010	23.jun.10	5600
933481	2010	23.jun.10	5800
933271	2010	24.jun.10	7900
933489	2010	25.jun.10	5400
933494	2010	27.jun.10	7000
933500	2010	27.jun.10	7700
933286	2010	27.jun.10	11600
933511	2010	27.jun.10	13000
933239	2010	28.jun.10	4900
933264	2010	28.jun.10	7900
933209	2010	29.jun.10	3850
933486	2010	29.jun.10	4000
933258	2010	29.jun.10	6500
933419	2010	30.jun.10	2200
933254	2010	30.jun.10	7000
933195	2010	01.jul.10	3400
933202	2010	02.jul.10	4200
933217	2010	03.jul.10	3200
933251	2010	03.jul.10	6100
933497	2010	03.jul.10	6800
933283	2010	03.jul.10	8600
933338	2010	04.jul.10	4000
933243	2010	04.jul.10	5700
933506	2010	04.jul.10	9600
933463	2010	05.jul.10	4700
933501	2010	05.jul.10	7200
933164	2010	06.jul.10	2500
933228	2010	06.jul.10	4100
933459	2010	07.jul.10	3600
933331	2010	08.jul.10	1200
933390	2010	08.jul.10	2200
933194	2010	08.jul.10	3500
933446	2010	08.jul.10	3600
933218	2010	08.jul.10	4000
933248	2010	08.jul.10	6700
933259	2010	08.jul.10	7100
933287	2010	08.jul.10	11600
933165	2010	09.jul.10	2400
933174	2010	09.jul.10	2400
933434	2010	09.jul.10	2600
933249	2010	09.jul.10	5100
933499	2010	09.jul.10	6800
933175	2010	10.jul.10	2300
933417	2010	11.jul.10	2200
933337	2010	11.jul.10	3000
933495	2010	11.jul.10	7200
933317	2010	11.jul.10	8000
933305	2010	12.jul.10	1100
933453	2010	12.jul.10	3900
933203	2010	12.jul.10	4000
933479	2010	12.jul.10	5000
933315	2010	12.jul.10	7500
933333	2010	13.jul.10	2000
933176	2010	13.jul.10	3300
933204	2010	13.jul.10	4200
933464	2010	13.jul.10	4300
933097	2010	14.jul.10	1500
933137	2010	14.jul.10	2200
933177	2010	14.jul.10	2500
933152	2010	15.jul.10	1700
933456	2010	15.jul.10	3700
933465	2010	15.jul.10	5000
933200	2010	15.jul.10	6300
933498	2010	15.jul.10	7600
933304	2010	16.jul.10	1000
933185	2010	16.jul.10	3500
933231	2010	16.jul.10	4500
933235	2010	16.jul.10	5200
933281	2010	16.jul.10	13000
933422	2010	17.jul.10	2400
933431	2010	17.jul.10	2500
933447	2010	17.jul.10	4200
933367	2010	18.jul.10	1100
933370	2010	18.jul.10	1200
933108	2010	18.jul.10	1700
933139	2010	18.jul.10	2000
933401	2010	18.jul.10	2200
933170	2010	18.jul.10	3000
933166	2010	18.jul.10	3100
933184	2010	18.jul.10	3500
933223	2010	18.jul.10	4500
933140	2010	18.jul.10	6200
933257	2010	18.jul.10	7500
933124	2010	19.jul.10	2100
933154	2010	19.jul.10	2500
933504	2010	19.jul.10	8700
933280	2010	19.jul.10	10300
933428	2010	20.jul.10	2500
933448	2010	20.jul.10	3200
933380	2010	21.jul.10	1200
933332	2010	21.jul.10	1300
933371	2010	21.jul.10	1400
933435	2010	21.jul.10	3000
933211	2010	21.jul.10	3900
933221	2010	21.jul.10	4600
933480	2010	21.jul.10	5200
933210	2010	22.jul.10	3200
933230	2010	22.jul.10	4700
933335	2010	23.jul.10	2100
933260	2010	23.jul.10	7500
933396	2010	24.jul.10	1600
933284	2010	24.jul.10	10500
933290	2010	24.jul.10	10700
933098	2010	25.jul.10	1100
933372	2010	26.jul.10	1200
933109	2010	26.jul.10	1700
933409	2010	26.jul.10	2000
933292	2010	26.jul.10	4200
933397	2010	27.jul.10	1800
933138	2010	27.jul.10	2100
933363	2010	28.jul.10	900
933374	2010	28.jul.10	1200
933437	2010	28.jul.10	2300
933183	2010	28.jul.10	3300
933256	2010	28.jul.10	6900
933373	2010	29.jul.10	1400
933393	2010	29.jul.10	1700
933450	2010	29.jul.10	2800
933442	2010	29.jul.10	3200
933470	2010	29.jul.10	4800
933131	2010	30.jul.10	1500
933110	2010	30.jul.10	1500
933130	2010	30.jul.10	1500
933100	2010	30.jul.10	1600
933219	2010	30.jul.10	3800
933394	2010	31.jul.10	1500
933395	2010	31.jul.10	1600
933458	2010	31.jul.10	3600
933314	2010	31.jul.10	6500
933268	2010	31.jul.10	7500
933507	2010	31.jul.10	7800
933384	2010	01.aug.10	1300
933102	2010	01.aug.10	1500
933111	2010	01.aug.10	1500
933178	2010	01.aug.10	2700
933180	2010	01.aug.10	3400
933199	2010	01.aug.10	4000
933550	2010	01.aug.10	5500
933262	2010	01.aug.10	7500
933274	2010	01.aug.10	9000
933095	2010	02.aug.10	1000
933357	2010	02.aug.10	1800
933398	2010	02.aug.10	1800
933426	2010	02.aug.10	2800
933462	2010	02.aug.10	3600
933475	2010	02.aug.10	4700
933468	2010	02.aug.10	6100
933261	2010	02.aug.10	6300
933233	2010	03.aug.10	4000
933215	2010	03.aug.10	4700
933383	2010	04.aug.10	1100
933385	2010	04.aug.10	1400
933427	2010	04.aug.10	2300
933157	2010	04.aug.10	3000
933467	2010	04.aug.10	3800
933099	2010	05.aug.10	1500
933214	2010	05.aug.10	5500
933246	2010	05.aug.10	6506
933369	2010	06.aug.10	1100
933388	2010	06.aug.10	1600
933410	2010	06.aug.10	2100
933121	2010	06.aug.10	2400
933345	2010	06.aug.10	2500
933443	2010	06.aug.10	3100
933451	2010	06.aug.10	3600
933360	2010	06.aug.10	3600
933272	2010	06.aug.10	6600
933273	2010	06.aug.10	6800
933354	2010	07.aug.10	1300
933115	2010	07.aug.10	2300
933545	2010	07.aug.10	3200
933452	2010	07.aug.10	3400
933361	2010	07.aug.10	4200
933552	2010	07.aug.10	8500
933433	2010	08.aug.10	590
933120	2010	08.aug.10	1500
933387	2010	08.aug.10	1700
933408	2010	08.aug.10	2000
933356	2010	08.aug.10	2100
933421	2010	08.aug.10	2100
933415	2010	08.aug.10	2200
933135	2010	08.aug.10	2400
933425	2010	08.aug.10	2400
933429	2010	08.aug.10	2800
933457	2010	08.aug.10	3700
933488	2010	08.aug.10	6900
933376	2010	09.aug.10	1200
933306	2010	09.aug.10	1700
933439	2010	09.aug.10	3100
933179	2010	09.aug.10	3200
933196	2010	09.aug.10	3300
933444	2010	09.aug.10	3700
933242	2010	09.aug.10	5800
933365	2010	10.aug.10	1100
933399	2010	10.aug.10	2000
933404	2010	10.aug.10	2300
933146	2010	10.aug.10	2500
933136	2010	10.aug.10	3200
933308	2010	10.aug.10	3500
933484	2010	10.aug.10	4000
933293	2010	10.aug.10	10000
933391	2010	11.aug.10	1800
933355	2010	11.aug.10	2250
933358	2010	11.aug.10	3000
933240	2010	11.aug.10	4400
933347	2010	11.aug.10	10000
933487	2010	12.aug.10	6100
933122	2010	13.aug.10	1900
933129	2010	13.aug.10	2100
933168	2010	13.aug.10	2700
933189	2010	13.aug.10	2800
933307	2010	13.aug.10	3000
933359	2010	13.aug.10	3500
933208	2010	13.aug.10	3700
933477	2010	13.aug.10	3700
933312	2010	13.aug.10	4700
933379	2010	14.aug.10	1300
933117	2010	14.aug.10	1300
933382	2010	14.aug.10	1500
933411	2010	14.aug.10	2300
933474	2010	14.aug.10	4000
933311	2010	14.aug.10	4300
933116	2010	15.aug.10	1700
933147	2010	15.aug.10	2200
933153	2010	15.aug.10	2300
933167	2010	15.aug.10	2500
933181	2010	15.aug.10	2600
933336	2010	15.aug.10	2800
933201	2010	15.aug.10	3700
933216	2010	15.aug.10	3700
933227	2010	15.aug.10	4400
933238	2010	15.aug.10	4600
933416	2010	16.aug.10	2000
933492	2010	16.aug.10	7000
933400	2010	17.aug.10	1900
933158	2010	17.aug.10	2100
933188	2010	17.aug.10	3100
933197	2010	17.aug.10	3200
933241	2010	17.aug.10	5000
933364	2010	18.aug.10	1200
933392	2010	18.aug.10	1800
933414	2010	18.aug.10	2000
933476	2010	18.aug.10	4600
933247	2010	18.aug.10	5000
933386	2010	19.aug.10	1500
933213	2010	19.aug.10	3500
933103	2010	20.aug.10	1300
933145	2010	20.aug.10	1800
933107	2010	20.aug.10	1900
933144	2010	20.aug.10	1900
933420	2010	20.aug.10	2000
933423	2010	20.aug.10	2200
933156	2010	20.aug.10	2500
933128	2010	21.aug.10	1600
933127	2010	21.aug.10	1700
933119	2010	21.aug.10	1900
933318	2010	21.aug.10	2500
933151	2010	21.aug.10	2600
933432	2010	21.aug.10	2700
933482	2010	21.aug.10	4700
933270	2010	21.aug.10	8200
933236	2010	22.aug.10	4500
933114	2010	23.aug.10	1600
933123	2010	23.aug.10	1600
933126	2010	23.aug.10	1700
933143	2010	23.aug.10	1900
933142	2010	23.aug.10	2100
933134	2010	23.aug.10	2300
933346	2010	23.aug.10	4500
933285	2010	23.aug.10	9000
933440	2010	24.aug.10	2400
933466	2010	24.aug.10	3400
933101	2010	25.aug.10	1500
933106	2010	25.aug.10	1600
933112	2010	25.aug.10	1800
933438	2010	25.aug.10	1900
933430	2010	25.aug.10	2300
933149	2010	25.aug.10	2500
933334	2010	25.aug.10	2500
933544	2010	25.aug.10	3200
933226	2010	25.aug.10	4000
933378	2010	26.aug.10	1400
933418	2010	26.aug.10	2100
933150	2010	26.aug.10	2200
933163	2010	27.aug.10	1700
933162	2010	27.aug.10	2500
933173	2010	27.aug.10	3500
933192	2010	27.aug.10	4000
933207	2010	27.aug.10	4200
933375	2010	28.aug.10	1200
933377	2010	28.aug.10	1200
933424	2010	28.aug.10	2500
933441	2010	28.aug.10	2600
933187	2010	28.aug.10	3000
933449	2010	28.aug.10	3500
933461	2010	28.aug.10	4000
933460	2010	28.aug.10	4200
933155	2010	29.aug.10	1600
933403	2010	29.aug.10	1600
933133	2010	29.aug.10	1900
933161	2010	29.aug.10	2100
933700	2011	29.aug.10	5400
933368	2010	30.aug.10	1100
933366	2010	30.aug.10	1200
933105	2010	30.aug.10	1500
933389	2010	30.aug.10	1700
933141	2010	30.aug.10	2000
933148	2010	30.aug.10	2300
933469	2010	30.aug.10	4500
933473	2010	30.aug.10	4900
933478	2010	30.aug.10	5100
933096	2010	31.aug.10	1000
933104	2010	31.aug.10	1400
933381	2010	31.aug.10	1500
933113	2010	31.aug.10	1700
933402	2010	31.aug.10	2000
933406	2010	31.aug.10	2000
933132	2010	31.aug.10	2100
933171	2010	31.aug.10	2800
933186	2010	31.aug.10	3500
933198	2010	31.aug.10	3700
933224	2010	31.aug.10	3700
933225	2010	31.aug.10	4000
933172	2010	31.aug.10	4000
933212	2010	31.aug.10	4300
933849	2011	04.jun.11	4500
933745	2011	04.jun.11	12000
933874	2011	05.jun.11	5000
933924	2011	05.jun.11	5900
933930	2011	05.jun.11	6500
933733	2011	06.jun.11	7400
933833	2011	07.jun.11	5000
933704	2011	08.jun.11	5200
933959	2011	09.jun.11	16100
934017	2011	10.jun.11	3000
933845	2011	10.jun.11	4000
933717	2011	12.jun.11	6300
933941	2011	14.jun.11	6800
933732	2011	14.jun.11	7500
933884	2011	15.jun.11	5500
933942	2011	16.jun.11	8800
933866	2011	18.jun.11	3600
933736	2011	18.jun.11	9300
933743	2011	18.jun.11	9500
933817	2011	19.jun.11	3700
933799	2011	19.jun.11	4000
933664	2011	20.jun.11	4800
933678	2011	20.jun.11	5400
933705	2011	20.jun.11	7000
934023	2011	21.jun.11	7900
933952	2011	21.jun.11	9100
933714	2011	22.jun.11	6200
933949	2011	22.jun.11	7500
933931	2011	22.jun.11	9100
933883	2011	23.jun.11	3800
933891	2011	23.jun.11	5500
933940	2011	23.jun.11	7400
933943	2011	23.jun.11	7600
933671	2011	24.jun.11	5000
933955	2011	25.jun.11	10000
934003	2011	26.jun.11	2500
933823	2011	26.jun.11	3600
933716	2011	26.jun.11	8200
933781	2011	27.jun.11	2800
933839	2011	27.jun.11	3600
933888	2011	27.jun.11	4800
933876	2011	27.jun.11	5000
933926	2011	27.jun.11	6100
933623	2011	28.jun.11	2900
933836	2011	28.jun.11	4100
933672	2011	28.jun.11	5200
933947	2011	28.jun.11	7500
933808	2011	29.jun.11	3700
933850	2011	29.jun.11	4000
933665	2011	29.jun.11	5000
933946	2011	29.jun.11	7300
933951	2011	29.jun.11	8900
933867	2011	30.jun.11	4300
933656	2011	30.jun.11	4500
933917	2011	30.jun.11	5900
933735	2011	30.jun.11	7500
933821	2011	01.jul.11	3700
933766	2011	01.jul.11	3800
933882	2011	01.jul.11	5600
933954	2011	01.jul.11	10300
933840	2011	02.jul.11	3300
933740	2011	02.jul.11	7300
933932	2011	02.jul.11	7600
933742	2011	02.jul.11	8500
933860	2011	03.jul.11	3500
933663	2011	03.jul.11	4500
933870	2011	03.jul.11	4500
933669	2011	03.jul.11	4700
933595	2011	04.jul.11	2100
933631	2011	04.jul.11	3200
933852	2011	04.jul.11	3300
933655	2011	04.jul.11	4500
933846	2011	04.jul.11	4500
933863	2011	04.jul.11	4500
933654	2011	04.jul.11	4800
933662	2011	04.jul.11	5000
933724	2011	04.jul.11	5800
933944	2011	04.jul.11	7500
933596	2011	05.jul.11	1700
933615	2011	05.jul.11	2400
933806	2011	05.jul.11	3500
933822	2011	05.jul.11	4200
933810	2011	05.jul.11	4500
933792	2011	05.jul.11	4500
933838	2011	05.jul.11	4500
933898	2011	05.jul.11	4900
933670	2011	05.jul.11	5100
933910	2011	05.jul.11	6200
933950	2011	05.jul.11	8200
933612	2011	06.jul.11	3000
933698	2011	06.jul.11	6000
933739	2011	06.jul.11	7500
933819	2011	07.jul.11	3400
933892	2011	07.jul.11	4600
933945	2011	07.jul.11	7500
933613	2011	08.jul.11	2600
933639	2011	08.jul.11	3900
933653	2011	08.jul.11	4100
933911	2011	08.jul.11	6000
933890	2011	09.jul.11	5100
934020	2011	09.jul.11	7000
933594	2011	10.jul.11	1800
933779	2011	10.jul.11	2200
933618	2011	10.jul.11	2700
934047	2011	10.jul.11	6000
933703	2011	10.jul.11	6100
933721	2011	10.jul.11	6500
933734	2011	10.jul.11	7700
934010	2011	11.jul.11	3500
933774	2011	11.jul.11	3600
933889	2011	11.jul.11	4700
933632	2011	12.jul.11	3000
933668	2011	12.jul.11	4300
933842	2011	12.jul.11	4600
933683	2011	12.jul.11	4900
933886	2011	12.jul.11	5100
933871	2011	12.jul.11	5500
933702	2011	12.jul.11	5800
933913	2011	12.jul.11	6100
933939	2011	12.jul.11	6700
933796	2011	13.jul.11	3300
933899	2011	13.jul.11	4900
933854	2011	13.jul.11	5800
934000	2011	14.jul.11	1500
933635	2011	14.jul.11	2700
933820	2011	14.jul.11	3500
933855	2011	14.jul.11	4200
933604	2011	15.jul.11	2300
933609	2011	15.jul.11	2800
933790	2011	15.jul.11	2800
933920	2011	15.jul.11	5000
933915	2011	15.jul.11	5100
933713	2011	15.jul.11	6100
933937	2011	15.jul.11	7000
933769	2011	16.jul.11	1800
933625	2011	16.jul.11	2900
933651	2011	16.jul.11	4400
933856	2011	16.jul.11	4500
933689	2011	16.jul.11	4900
933697	2011	16.jul.11	5400
933712	2011	16.jul.11	7300
933746	2011	16.jul.11	14700
933762	2011	17.jul.11	1800
933784	2011	17.jul.11	2600
934052	2011	17.jul.11	7600
933600	2011	18.jul.11	1700
933800	2011	18.jul.11	3500
933859	2011	18.jul.11	3800
933862	2011	18.jul.11	4000
933641	2011	18.jul.11	4200
933858	2011	18.jul.11	4800
933829	2011	19.jul.11	3200
933677	2011	19.jul.11	4800
933962	2011	20.jul.11	2000
933626	2011	20.jul.11	3000
933773	2011	20.jul.11	3000
933804	2011	20.jul.11	3200
933830	2011	20.jul.11	3700
933861	2011	20.jul.11	4400
933881	2011	20.jul.11	4700
933895	2011	20.jul.11	5100
933900	2011	20.jul.11	5200
933933	2011	20.jul.11	5300
933922	2011	20.jul.11	5600
933725	2011	20.jul.11	7200
933723	2011	20.jul.11	7200
933927	2011	20.jul.11	7700
933960	2011	21.jul.11	2000
933640	2011	21.jul.11	4500
933907	2011	21.jul.11	4900
933661	2011	21.jul.11	5500
933720	2011	21.jul.11	7800
933983	2011	21.jul.11	9800
933811	2011	22.jul.11	2900
933622	2011	22.jul.11	3000
933638	2011	22.jul.11	3600
933828	2011	22.jul.11	3700
933970	2011	22.jul.11	3800
933650	2011	22.jul.11	4700
933660	2011	22.jul.11	5000
933980	2011	22.jul.11	5800
933894	2011	22.jul.11	6000
933912	2011	22.jul.11	6400
933938	2011	22.jul.11	6800
934021	2011	22.jul.11	8000
933982	2011	22.jul.11	9200
933761	2011	23.jul.11	1900
933787	2011	23.jul.11	2700
933813	2011	23.jul.11	3000
933795	2011	23.jul.11	3200
933812	2011	23.jul.11	3200
933857	2011	23.jul.11	4000
933997	2011	23.jul.11	5000
933979	2011	23.jul.11	5800
933904	2011	23.jul.11	5800
933770	2011	24.jul.11	1600
933599	2011	24.jul.11	2200
933963	2011	24.jul.11	2200
933802	2011	24.jul.11	2500
933805	2011	24.jul.11	2600
933791	2011	24.jul.11	2900
933832	2011	24.jul.11	4000
933676	2011	24.jul.11	4800
933637	2011	24.jul.11	4900
933953	2011	24.jul.11	8000
933782	2011	25.jul.11	2600
933649	2011	25.jul.11	4500
933885	2011	25.jul.11	4500
933897	2011	25.jul.11	4500
933896	2011	25.jul.11	4700
933826	2011	25.jul.11	5000
933918	2011	25.jul.11	5700
933957	2011	25.jul.11	7200
933730	2011	25.jul.11	7300
933603	2011	26.jul.11	2000
933968	2011	26.jul.11	2600
933629	2011	26.jul.11	3300
933634	2011	26.jul.11	3300
933972	2011	26.jul.11	4000
933648	2011	26.jul.11	4000
933675	2011	26.jul.11	5000
933976	2011	26.jul.11	5000
933975	2011	26.jul.11	5000
933764	2011	27.jul.11	2200
933848	2011	27.jul.11	3500
933853	2011	27.jul.11	4700
933901	2011	27.jul.11	5000
933728	2011	27.jul.11	8700
933831	2011	28.jul.11	3700
933818	2011	28.jul.11	3800
933682	2011	28.jul.11	5000
933977	2011	28.jul.11	5600
933906	2011	28.jul.11	6200
933958	2011	28.jul.11	11500
933608	2011	29.jul.11	2300
933614	2011	29.jul.11	2500
933617	2011	29.jul.11	3000
933687	2011	30.jul.11	5000
933719	2011	30.jul.11	7200
933681	2011	31.jul.11	5300
933680	2011	31.jul.11	5500
933967	2011	01.aug.11	2500
933998	2011	01.aug.11	5000
933686	2011	01.aug.11	5700
934048	2011	01.aug.11	5700
933611	2011	02.aug.11	2500
933647	2011	02.aug.11	4400
933994	2011	02.aug.11	5000
933685	2011	02.aug.11	5500
933597	2011	03.aug.11	1800
933621	2011	03.aug.11	3000
933684	2011	03.aug.11	5600
933775	2011	04.aug.11	3200
933771	2011	04.aug.11	4200
933841	2011	04.aug.11	4400
933789	2011	04.aug.11	4700
933801	2011	04.aug.11	5300
933699	2011	04.aug.11	5800
933696	2011	04.aug.11	6200
933731	2011	04.aug.11	7600
933988	2011	05.aug.11	1500
933778	2011	05.aug.11	3200
934011	2011	05.aug.11	4700
933961	2011	06.aug.11	2600
933797	2011	06.aug.11	4500
933837	2011	06.aug.11	4800
933710	2011	06.aug.11	5000
933996	2011	06.aug.11	5000
934004	2011	07.aug.11	2000
933807	2011	07.aug.11	5500
933709	2011	07.aug.11	5800
933999	2011	07.aug.11	6000
934050	2011	08.aug.11	3000
933809	2011	08.aug.11	3100
933847	2011	08.aug.11	3900
934024	2011	08.aug.11	4000
933879	2011	08.aug.11	4700
933914	2011	08.aug.11	4700
933887	2011	08.aug.11	4800
934015	2011	08.aug.11	5200
933607	2011	09.aug.11	1800
933630	2011	09.aug.11	2200
934008	2011	09.aug.11	3400
934007	2011	09.aug.11	3500
933633	2011	09.aug.11	3950
933646	2011	09.aug.11	4200
933659	2011	09.aug.11	4800
934049	2011	09.aug.11	6206
933956	2011	09.aug.11	9700
933744	2011	09.aug.11	10300
933989	2011	10.aug.11	2000
933991	2011	10.aug.11	3000
933878	2011	10.aug.11	4500
933921	2011	10.aug.11	5400
934019	2011	11.aug.11	5000
934054	2011	11.aug.11	9000
933620	2011	12.aug.11	2100
933834	2011	12.aug.11	3200
933645	2011	12.aug.11	3400
933992	2011	12.aug.11	3600
933794	2011	12.aug.11	4200
933658	2011	12.aug.11	4400
933793	2011	12.aug.11	4500
933903	2011	12.aug.11	5000
934013	2011	13.aug.11	5600
934053	2011	13.aug.11	10000
933990	2011	14.aug.11	3200
933844	2011	14.aug.11	3600
933690	2011	14.aug.11	4700
933880	2011	14.aug.11	4800
933693	2011	14.aug.11	4800
933905	2011	14.aug.11	5600
933936	2011	14.aug.11	7000
933788	2011	15.aug.11	3000
933815	2011	15.aug.11	3700
933692	2011	15.aug.11	4900
933868	2011	15.aug.11	5000
933722	2011	15.aug.11	6400
933727	2011	15.aug.11	6500
933964	2011	16.aug.11	2300
933777	2011	16.aug.11	2500
933816	2011	16.aug.11	3100
933652	2011	16.aug.11	4200
933875	2011	16.aug.11	4900
934046	2011	16.aug.11	5200
933776	2011	17.aug.11	2500
933628	2011	17.aug.11	3400
934044	2011	17.aug.11	3500
933657	2011	17.aug.11	3900
933644	2011	17.aug.11	4100
934051	2011	17.aug.11	7550
933606	2011	18.aug.11	1900
933772	2011	18.aug.11	2300
933827	2011	18.aug.11	3700
933893	2011	18.aug.11	4600
933873	2011	18.aug.11	4600
933786	2011	18.aug.11	5000
934042	2011	18.aug.11	5000
933929	2011	18.aug.11	6000
933601	2011	19.aug.11	2000
933674	2011	19.aug.11	4200
933691	2011	19.aug.11	5300
933711	2011	19.aug.11	5500
933966	2011	20.aug.11	2400
933973	2011	20.aug.11	4100
933974	2011	20.aug.11	4600
933916	2011	20.aug.11	5000
933981	2011	20.aug.11	5900
933948	2011	20.aug.11	7200
933610	2011	21.aug.11	2100
934043	2011	21.aug.11	4500
933667	2011	21.aug.11	4900
933694	2011	21.aug.11	5200
933695	2011	21.aug.11	5500
934006	2011	22.aug.11	2300
933763	2011	22.aug.11	3200
933872	2011	23.aug.11	4100
933679	2011	23.aug.11	4200
933673	2011	23.aug.11	5500
933934	2011	23.aug.11	6100
933768	2011	24.aug.11	1900
933616	2011	24.aug.11	2100
933965	2011	24.aug.11	2400
933785	2011	24.aug.11	2600
933627	2011	24.aug.11	3100
934009	2011	24.aug.11	4000
933593	2011	25.aug.11	1000
933598	2011	25.aug.11	1700
934012	2011	25.aug.11	3500
933624	2011	26.aug.11	2900
933619	2011	26.aug.11	3260
933851	2011	26.aug.11	4700
934022	2011	26.aug.11	8500
933701	2011	27.aug.11	5400
933592	2011	28.aug.11	1100
933605	2011	28.aug.11	2300
933783	2011	28.aug.11	2700
933869	2011	28.aug.11	3600
933877	2011	28.aug.11	4700
933925	2011	28.aug.11	5800
933923	2011	28.aug.11	6100
933737	2011	28.aug.11	8000
934005	2011	29.aug.11	2200
934040	2011	29.aug.11	2400
933636	2011	29.aug.11	3300
933666	2011	29.aug.11	3800
933803	2011	30.aug.11	4000
933729	2011	30.aug.11	14600
933780	2011	31.aug.11	2200
934002	2011	31.aug.11	2500
933864	2011	31.aug.11	3700
934014	2011	31.aug.11	4370
934106	2011	31.aug.11	5000
933706	2011	31.aug.11	5700
933707	2011	31.aug.11	6100
933718	2011	31.aug.11	6600
933902	2011	07.sep.11	6000
933715	2011	11.sep.11	6300
934451	2012	01.jun.12	9700
934571	2012	02.jun.12	6200
934623	2012	04.jun.12	14200
934463	2012	05.jun.12	10800
934587	2012	06.jun.12	7200
934596	2012	06.jun.12	8100
934684	2012	09.jun.12	11800
934552	2012	10.jun.12	4300
934440	2012	11.jun.12	8500
934462	2012	13.jun.12	9500
934597	2012	14.jun.12	9200
934580	2012	16.jun.12	7100
934615	2012	16.jun.12	8500
934614	2012	16.jun.12	9500
934619	2012	16.jun.12	10300
934618	2012	16.jun.12	10500
934446	2012	17.jun.12	9400
934466	2012	17.jun.12	14200
934611	2012	18.jun.12	9500
934617	2012	18.jun.12	11000
934568	2012	19.jun.12	5900
934551	2012	20.jun.12	4300
934433	2012	20.jun.12	5200
934579	2012	20.jun.12	7300
934591	2012	20.jun.12	8000
934595	2012	20.jun.12	8500
934628	2012	22.jun.12	5000
934412	2012	23.jun.12	4100
934450	2012	23.jun.12	8500
934620	2012	23.jun.12	13800
934610	2012	25.jun.12	10600
934570	2012	26.jun.12	6000
934586	2012	26.jun.12	8000
934476	2012	27.jun.12	8000
934461	2012	27.jun.12	9600
934547	2012	28.jun.12	4100
934612	2012	28.jun.12	10000
934605	2012	28.jun.12	11300
934658	2012	29.jun.12	9000
934663	2012	29.jun.12	12000
934416	2012	30.jun.12	3800
934594	2012	30.jun.12	8500
934521	2012	01.jul.12	3000
934402	2012	01.jul.12	3300
934405	2012	01.jul.12	3500
934543	2012	01.jul.12	4100
934604	2012	02.jul.12	9700
934609	2012	02.jul.12	10400
934378	2012	03.jul.12	3000
934657	2012	04.jul.12	2600
934392	2012	04.jul.12	2700
934529	2012	04.jul.12	4000
934560	2012	04.jul.12	5200
934682	2012	04.jul.12	5850
934590	2012	04.jul.12	7100
934631	2012	04.jul.12	7700
934589	2012	04.jul.12	8000
934449	2012	04.jul.12	8500
934398	2012	05.jul.12	2900
934629	2012	05.jul.12	5100
934430	2012	05.jul.12	6000
934445	2012	05.jul.12	7800
934665	2012	05.jul.12	8400
934660	2012	06.jul.12	3000
934565	2012	07.jul.12	6200
934465	2012	07.jul.12	11000
934370	2012	08.jul.12	2000
934507	2012	08.jul.12	2400
934516	2012	08.jul.12	3300
934520	2012	08.jul.12	4000
934528	2012	08.jul.12	4600
934578	2012	08.jul.12	8500
934608	2012	08.jul.12	9700
934692	2012	09.jul.12	2000
934427	2012	09.jul.12	4600
934435	2012	09.jul.12	6400
934458	2012	09.jul.12	8600
934680	2012	10.jul.12	2500
934539	2012	10.jul.12	4100
934654	2012	11.jul.12	3000
934681	2012	11.jul.12	4800
934575	2012	11.jul.12	7000
934447	2012	11.jul.12	9400
934643	2012	12.jul.12	800
934468	2012	12.jul.12	13000
934622	2012	12.jul.12	18000
934546	2012	13.jul.12	4000
934700	2012	13.jul.12	4500
934585	2012	13.jul.12	9200
934464	2012	13.jul.12	10500
934647	2012	14.jul.12	1200
934399	2012	14.jul.12	2900
934562	2012	14.jul.12	5300
934577	2012	14.jul.12	7200
934355	2012	15.jul.12	1000
934648	2012	15.jul.12	1200
934470	2012	15.jul.12	1500
934484	2012	15.jul.12	1700
934531	2012	15.jul.12	4300
934661	2012	15.jul.12	5200
934683	2012	15.jul.12	6400
934687	2012	16.jul.12	2200
934511	2012	16.jul.12	3000
934550	2012	16.jul.12	4100
934554	2012	16.jul.12	4600
934522	2012	17.jul.12	3600
934567	2012	17.jul.12	5400
934443	2012	17.jul.12	7500
934581	2012	17.jul.12	8500
934602	2012	17.jul.12	9000
934441	2012	18.jul.12	7500
934584	2012	18.jul.12	7900
934607	2012	18.jul.12	10000
934369	2012	19.jul.12	1500
934388	2012	19.jul.12	2900
934411	2012	19.jul.12	3600
934415	2012	19.jul.12	3600
934422	2012	19.jul.12	4200
934428	2012	19.jul.12	4600
934448	2012	19.jul.12	8200
934621	2012	19.jul.12	12000
934642	2012	20.jul.12	800
934523	2012	20.jul.12	3500
934616	2012	20.jul.12	10500
934645	2012	21.jul.12	2000
934454	2012	21.jul.12	7200
934601	2012	21.jul.12	9200
934380	2012	22.jul.12	2600
934542	2012	22.jul.12	3500
934566	2012	22.jul.12	5600
934475	2012	22.jul.12	6500
934630	2012	22.jul.12	6700
934588	2012	22.jul.12	8300
934456	2012	22.jul.12	9400
934403	2012	23.jul.12	3100
934438	2012	23.jul.12	6100
934459	2012	23.jul.12	9800
934500	2012	24.jul.12	2700
934625	2012	24.jul.12	2700
934383	2012	24.jul.12	2800
934424	2012	24.jul.12	5500
934593	2012	24.jul.12	9200
934477	2012	25.jul.12	1000
934513	2012	25.jul.12	2600
934382	2012	25.jul.12	3000
934473	2012	25.jul.12	3300
934535	2012	25.jul.12	4000
934574	2012	25.jul.12	7500
934693	2012	26.jul.12	2700
934391	2012	26.jul.12	2800
934534	2012	26.jul.12	3800
934564	2012	26.jul.12	5000
934569	2012	26.jul.12	5500
934563	2012	26.jul.12	5600
934559	2012	26.jul.12	7000
934400	2012	27.jul.12	3500
934423	2012	27.jul.12	4100
934432	2012	27.jul.12	6100
934439	2012	27.jul.12	6900
934488	2012	28.jul.12	2200
934372	2012	28.jul.12	2300
934387	2012	28.jul.12	2500
934413	2012	28.jul.12	4200
934474	2012	28.jul.12	6000
934677	2012	28.jul.12	7100
934632	2012	28.jul.12	8500
934365	2012	29.jul.12	1500
934514	2012	29.jul.12	2900
934472	2012	29.jul.12	3100
934390	2012	29.jul.12	3500
934410	2012	29.jul.12	3900
934667	2012	30.jul.12	1000
934397	2012	30.jul.12	3400
934537	2012	30.jul.12	4700
934364	2012	31.jul.12	1500
934396	2012	31.jul.12	2900
934401	2012	31.jul.12	3400
934444	2012	31.jul.12	7600
934455	2012	31.jul.12	9000
934668	2012	01.aug.12	1150
934487	2012	01.aug.12	1400
934656	2012	01.aug.12	3457
934673	2012	01.aug.12	4200
934644	2012	02.aug.12	1200
934386	2012	02.aug.12	3400
934389	2012	02.aug.12	3560
934429	2012	02.aug.12	6100
934434	2012	02.aug.12	6100
934576	2012	02.aug.12	7200
934497	2012	03.aug.12	2200
934381	2012	03.aug.12	2600
934701	2012	03.aug.12	5200
934354	2012	04.aug.12	1160
934634	2012	04.aug.12	5200
934356	2012	05.aug.12	1400
934361	2012	05.aug.12	1800
934503	2012	05.aug.12	3000
934527	2012	05.aug.12	3500
934533	2012	05.aug.12	3600
934536	2012	05.aug.12	4000
934431	2012	05.aug.12	6100
934385	2012	06.aug.12	2500
934669	2012	06.aug.12	2500
934494	2012	06.aug.12	2700
934671	2012	06.aug.12	2800
934421	2012	06.aug.12	3700
934592	2012	06.aug.12	7700
934453	2012	06.aug.12	8100
934457	2012	06.aug.12	8500
934395	2012	07.aug.12	2600
934672	2012	07.aug.12	3000
934532	2012	07.aug.12	3300
934414	2012	07.aug.12	4400
934676	2012	07.aug.12	5800
934460	2012	07.aug.12	9800
934357	2012	08.aug.12	1700
934374	2012	08.aug.12	2000
934384	2012	08.aug.12	2900
934418	2012	08.aug.12	3600
934426	2012	08.aug.12	4600
934674	2012	08.aug.12	4700
934558	2012	08.aug.12	5400
934437	2012	08.aug.12	6500
934469	2012	08.aug.12	16500
934359	2012	09.aug.12	1500
934368	2012	09.aug.12	2000
934679	2012	09.aug.12	2500
934646	2012	10.aug.12	1600
934362	2012	10.aug.12	1900
934371	2012	10.aug.12	2000
934394	2012	10.aug.12	3000
934425	2012	10.aug.12	4400
934702	2012	10.aug.12	7000
934649	2012	11.aug.12	1500
934408	2012	11.aug.12	3200
934549	2012	11.aug.12	3500
934496	2012	12.aug.12	2000
934512	2012	12.aug.12	3000
934650	2012	12.aug.12	3500
934409	2012	12.aug.12	3700
934406	2012	12.aug.12	4200
934442	2012	12.aug.12	7000
934613	2012	12.aug.12	13500
934624	2012	13.aug.12	1800
934626	2012	13.aug.12	3900
934541	2012	13.aug.12	4000
934545	2012	13.aug.12	4100
934627	2012	13.aug.12	4900
934348	2012	14.aug.12	1300
934360	2012	14.aug.12	1500
934670	2012	14.aug.12	2500
934485	2012	15.aug.12	1800
934492	2012	15.aug.12	2000
934393	2012	15.aug.12	2300
934471	2012	15.aug.12	2800
934509	2012	15.aug.12	3000
934633	2012	15.aug.12	4000
934573	2012	15.aug.12	6300
934452	2012	15.aug.12	8500
934698	2012	16.aug.12	1120
934379	2012	16.aug.12	2500
934694	2012	16.aug.12	9500
934651	2012	17.aug.12	1900
934504	2012	17.aug.12	3000
934517	2012	17.aug.12	3600
934417	2012	17.aug.12	4600
934498	2012	18.aug.12	2100
934524	2012	18.aug.12	3100
934553	2012	18.aug.12	4500
934662	2012	18.aug.12	7700
934659	2012	18.aug.12	8000
934367	2012	19.aug.12	1800
934652	2012	19.aug.12	2000
934377	2012	19.aug.12	2000
934548	2012	19.aug.12	5500
934555	2012	19.aug.12	5500
934493	2012	20.aug.12	2000
934375	2012	20.aug.12	2200
934653	2012	20.aug.12	2300
934526	2012	20.aug.12	3500
934420	2012	20.aug.12	4300
934467	2012	20.aug.12	12100
934499	2012	21.aug.12	2200
934489	2012	21.aug.12	2300
934557	2012	21.aug.12	5600
934606	2012	21.aug.12	9500
934655	2012	22.aug.12	3300
934376	2012	24.aug.12	2500
934688	2012	24.aug.12	4400
934373	2012	25.aug.12	2000
934495	2012	25.aug.12	2100
934519	2012	25.aug.12	3500
934544	2012	25.aug.12	4000
934483	2012	27.aug.12	1800
934486	2012	27.aug.12	2600
934501	2012	27.aug.12	2700
934506	2012	27.aug.12	2800
934515	2012	27.aug.12	3000
934518	2012	27.aug.12	3000
934703	2012	27.aug.12	5500
934358	2012	28.aug.12	1800
934419	2012	28.aug.12	4400
934505	2012	29.aug.12	2300
934600	2012	29.aug.12	10000
934366	2012	30.aug.12	1800
934510	2012	30.aug.12	2600
934502	2012	31.aug.12	2600
934157	2013	04.jun.13	4200
934245	2013	05.jun.13	6200
934263	2013	15.jun.13	10300
934264	2013	15.jun.13	10800
934175	2013	16.jun.13	7800
934188	2013	16.jun.13	12000
934180	2013	17.jun.13	7800
934241	2013	18.jun.13	5800
934265	2013	18.jun.13	12400
934202	2013	19.jun.13	2200
934269	2013	21.jun.13	4700
934259	2013	21.jun.13	9400
934238	2013	22.jun.13	5500
934231	2013	23.jun.13	5900
934260	2013	23.jun.13	10900
934235	2013	24.jun.13	4500
934162	2013	24.jun.13	5200
934179	2013	24.jun.13	7600
934239	2013	25.jun.13	4900
934182	2013	25.jun.13	7500
934261	2013	27.jun.13	10500
934174	2013	28.jun.13	6500
934272	2013	29.jun.13	5300
934244	2013	29.jun.13	6100
934176	2013	29.jun.13	7200
934250	2013	29.jun.13	8800
934224	2013	30.jun.13	4200
934167	2013	30.jun.13	5400
934262	2013	30.jun.13	11100
934160	2013	01.jul.13	4700
934288	2013	01.jul.13	7500
934237	2013	02.jul.13	5100
934236	2013	02.jul.13	5600
934243	2013	04.jul.13	6200
934253	2013	05.jul.13	7300
934225	2013	06.jul.13	5200
934173	2013	06.jul.13	7000
934120	2013	07.jul.13	1700
934230	2013	07.jul.13	4400
934240	2013	07.jul.13	6100
934136	2013	08.jul.13	3000
934164	2013	08.jul.13	4600
934221	2013	08.jul.13	4700
934229	2013	08.jul.13	5500
934273	2013	08.jul.13	6400
934251	2013	08.jul.13	6800
934135	2013	10.jul.13	2600
934159	2013	10.jul.13	4000
934256	2013	11.jul.13	7000
934189	2013	12.jul.13	5000
934271	2013	13.jul.13	7400
934129	2013	14.jul.13	2500
934286	2013	14.jul.13	4000
934153	2013	14.jul.13	4100
934252	2013	14.jul.13	7100
934201	2013	15.jul.13	1700
934215	2013	15.jul.13	4800
934170	2013	15.jul.13	5500
934178	2013	16.jul.13	6400
934184	2013	16.jul.13	7800
934232	2013	17.jul.13	4500
934233	2013	17.jul.13	4700
934166	2013	17.jul.13	5600
934141	2013	18.jul.13	4200
934177	2013	18.jul.13	7000
934267	2013	19.jul.13	3500
934145	2013	19.jul.13	3500
934268	2013	19.jul.13	3700
934222	2013	19.jul.13	4700
934169	2013	20.jul.13	6000
934275	2013	21.jul.13	7800
934125	2013	24.jul.13	2600
934206	2013	24.jul.13	2900
934223	2013	25.jul.13	4500
934274	2013	25.jul.13	5000
934247	2013	25.jul.13	6500
934118	2013	26.jul.13	1900
934133	2013	26.jul.13	2900
934119	2013	27.jul.13	1700
934144	2013	27.jul.13	3000
934214	2013	27.jul.13	3900
934227	2013	27.jul.13	4500
934270	2013	27.jul.13	6500
934139	2013	28.jul.13	2800
934140	2013	28.jul.13	3400
934149	2013	28.jul.13	3700
934190	2013	28.jul.13	5600
934242	2013	28.jul.13	6300
934187	2013	28.jul.13	10800
934191	2013	29.jul.13	6700
934116	2013	30.jul.13	1000
934156	2013	30.jul.13	4300
934155	2013	30.jul.13	5200
934185	2013	30.jul.13	9500
934186	2013	30.jul.13	10000
934209	2013	01.aug.13	2800
934217	2013	01.aug.13	4000
934151	2013	01.aug.13	5000
934152	2013	01.aug.13	5050
934246	2013	01.aug.13	6600
934181	2013	01.aug.13	8800
934203	2013	02.aug.13	2500
934205	2013	02.aug.13	2500
934117	2013	03.aug.13	1600
934124	2013	03.aug.13	2500
934305	2013	03.aug.13	4100
934148	2013	03.aug.13	4600
934226	2013	03.aug.13	4900
934163	2013	03.aug.13	5600
934172	2013	03.aug.13	6300
934147	2013	04.aug.13	4400
934115	2013	05.aug.13	700
934280	2013	05.aug.13	1400
934131	2013	05.aug.13	2300
934132	2013	05.aug.13	2800
934216	2013	06.aug.13	4300
934168	2013	06.aug.13	5600
934279	2013	07.aug.13	1000
934282	2013	07.aug.13	1900
934284	2013	07.aug.13	3100
934121	2013	09.aug.13	1500
934143	2013	09.aug.13	3500
934248	2013	09.aug.13	8000
934207	2013	10.aug.13	2700
934352	2013	10.aug.13	4700
934255	2013	10.aug.13	8500
934154	2013	12.aug.13	4300
934228	2013	12.aug.13	5200
934123	2013	13.aug.13	2400
934210	2013	13.aug.13	3500
934285	2013	14.aug.13	4200
934220	2013	14.aug.13	5000
934161	2013	15.aug.13	4800
934219	2013	16.aug.13	3600
934234	2013	16.aug.13	4900
934142	2013	17.aug.13	3800
934158	2013	18.aug.13	5200
934281	2013	19.aug.13	2000
934138	2013	19.aug.13	3700
934213	2013	20.aug.13	3200
934289	2013	20.aug.13	5000
934134	2013	21.aug.13	2600
934283	2013	21.aug.13	4000
934183	2013	21.aug.13	8900
934218	2013	22.aug.13	4200
934290	2013	23.aug.13	4200
934204	2013	24.aug.13	2000
934127	2013	25.aug.13	2800
934137	2013	25.aug.13	3400
934208	2013	27.aug.13	2700
934212	2013	28.aug.13	3200
934258	2013	29.aug.13	6400
934130	2013	30.aug.13	2300
934307	2013	30.aug.13	4700
934122	2013	31.aug.13	2300
934150	2013	31.aug.13	3500
934126	2013	11.sep.13	2800
755408	2014	01.jun.14	6000
755509	2014	08.jun.14	6500
755506	2014	13.jun.14	8200
755404	2014	13.jun.14	8700
755405	2014	15.jun.14	9100
755398	2014	17.jun.14	8000
755470	2014	19.jun.14	3300
755502	2014	20.jun.14	6200
755407	2014	21.jun.14	8000
755515	2014	22.jun.14	10600
755514	2014	23.jun.14	10200
755508	2014	24.jun.14	7800
755494	2014	25.jun.14	5200
755518	2014	26.jun.14	11300
755352	2014	27.jun.14	4000
755357	2014	29.jun.14	2600
755475	2014	30.jun.14	3000
755354	2014	01.jul.14	2800
755406	2014	01.jul.14	8600
755386	2014	05.jul.14	3600
755495	2014	08.jul.14	4500
755538	2014	10.jul.14	3200
755513	2014	12.jul.14	7800
755314	2014	13.jul.14	2000
755311	2014	14.jul.14	1600
755376	2014	14.jul.14	2900
755497	2014	14.jul.14	4600
755500	2014	14.jul.14	6700
755423	2014	15.jul.14	1400
755432	2014	15.jul.14	1500
755365	2014	15.jul.14	2200
755480	2014	16.jul.14	2700
755385	2014	17.jul.14	3200
755399	2014	17.jul.14	8200
755433	2014	18.jul.14	1000
755333	2014	18.jul.14	1500
755367	2014	18.jul.14	2700
755373	2014	18.jul.14	2900
755382	2014	18.jul.14	3200
755499	2014	18.jul.14	4800
755403	2014	18.jul.14	8400
755384	2014	19.jul.14	3700
755397	2014	20.jul.14	7500
755313	2014	21.jul.14	1300
755454	2014	21.jul.14	2000
755343	2014	21.jul.14	2100
755479	2014	21.jul.14	3100
755496	2014	21.jul.14	4800
755302	2014	22.jul.14	1000
755486	2014	22.jul.14	3200
755458	2014	23.jul.14	2000
755466	2014	23.jul.14	2400
755358	2014	23.jul.14	3200
755380	2014	23.jul.14	3700
755321	2014	24.jul.14	1600
755372	2014	24.jul.14	3000
755489	2014	24.jul.14	4000
755350	2014	25.jul.14	3000
755491	2014	25.jul.14	4000
755503	2014	25.jul.14	5700
755438	2014	26.jul.14	1700
755449	2014	26.jul.14	2000
755511	2014	26.jul.14	8000
755328	2014	27.jul.14	1700
755460	2014	27.jul.14	2200
755379	2014	27.jul.14	3300
755383	2014	27.jul.14	3800
755549	2014	28.jul.14	1500
755309	2014	29.jul.14	1100
755308	2014	29.jul.14	1200
755316	2014	29.jul.14	1600
755319	2014	29.jul.14	1600
755465	2014	29.jul.14	2400
755483	2014	29.jul.14	3100
755548	2014	30.jul.14	1400
755551	2014	30.jul.14	1900
755482	2014	30.jul.14	3000
755341	2014	31.jul.14	1700
755378	2014	31.jul.14	3100
755389	2014	31.jul.14	4500
755393	2014	31.jul.14	4800
755336	2014	01.aug.14	2200
755459	2014	01.aug.14	2600
755463	2014	01.aug.14	2700
755304	2014	02.aug.14	1100
755344	2014	02.aug.14	2300
755552	2014	02.aug.14	2400
755375	2014	02.aug.14	3100
755370	2014	03.aug.14	3000
755434	2014	04.aug.14	1200
755481	2014	04.aug.14	2800
755388	2014	04.aug.14	3400
755554	2014	05.aug.14	3000
755550	2014	06.aug.14	1900
755451	2014	06.aug.14	2000
755558	2014	06.aug.14	2500
755391	2014	06.aug.14	4200
755331	2014	07.aug.14	1600
755351	2014	08.aug.14	2200
755330	2014	09.aug.14	1500
755440	2014	09.aug.14	1800
755329	2014	09.aug.14	1900
755477	2014	09.aug.14	2600
755476	2014	09.aug.14	3100
755490	2014	09.aug.14	3800
755441	2014	10.aug.14	1000
755363	2014	10.aug.14	2600
755346	2014	10.aug.14	2700
755553	2014	11.aug.14	2250
755469	2014	11.aug.14	2300
755457	2014	12.aug.14	2500
755337	2014	13.aug.14	1500
755456	2014	13.aug.14	1800
755452	2014	13.aug.14	2000
755595	2014	13.aug.14	2280
755484	2014	13.aug.14	3000
755445	2014	15.aug.14	1500
755448	2014	15.aug.14	1560
755453	2014	15.aug.14	2000
755455	2014	15.aug.14	2100
755468	2014	15.aug.14	2360
755498	2014	15.aug.14	4300
755507	2014	15.aug.14	7900
755435	2014	16.aug.14	1000
755437	2014	16.aug.14	1000
755310	2014	16.aug.14	1200
755335	2014	16.aug.14	1600
755348	2014	16.aug.14	2000
755492	2014	16.aug.14	4000
755306	2014	17.aug.14	1000
755318	2014	17.aug.14	1400
755332	2014	17.aug.14	1500
755339	2014	17.aug.14	1800
755360	2014	17.aug.14	2200
755374	2014	17.aug.14	3000
755381	2014	17.aug.14	3200
755533	2014	18.aug.14	1500
755322	2014	18.aug.14	1600
755342	2014	18.aug.14	2200
755366	2014	18.aug.14	2600
755400	2014	18.aug.14	7000
755347	2014	19.aug.14	2000
755442	2014	19.aug.14	2300
755369	2014	19.aug.14	2500
755485	2014	19.aug.14	3100
755390	2014	19.aug.14	4500
755450	2014	20.aug.14	1800
755324	2014	20.aug.14	2000
755353	2014	20.aug.14	2200
755472	2014	20.aug.14	2200
755364	2014	20.aug.14	2700
755537	2014	20.aug.14	3000
755387	2014	20.aug.14	3200
755395	2014	20.aug.14	4700
755540	2014	20.aug.14	5500
755303	2014	21.aug.14	1000
755305	2014	21.aug.14	1300
755317	2014	21.aug.14	1500
755320	2014	21.aug.14	1600
755323	2014	21.aug.14	1800
755338	2014	21.aug.14	1900
755359	2014	21.aug.14	2400
755471	2014	21.aug.14	2600
755371	2014	21.aug.14	2800
755487	2014	21.aug.14	3600
755327	2014	22.aug.14	1800
755461	2014	22.aug.14	1800
755501	2014	22.aug.14	4800
755504	2014	22.aug.14	5600
755516	2014	22.aug.14	5800
755436	2014	23.aug.14	1000
755312	2014	23.aug.14	1100
755444	2014	23.aug.14	1400
755315	2014	23.aug.14	1500
755325	2014	23.aug.14	1500
755326	2014	23.aug.14	1700
755539	2014	23.aug.14	2000
755334	2014	23.aug.14	2000
755340	2014	23.aug.14	2000
755462	2014	23.aug.14	2300
755377	2014	23.aug.14	2600
755512	2014	23.aug.14	7500
755361	2014	24.aug.14	1800
755473	2014	24.aug.14	1800
755356	2014	24.aug.14	1900
755474	2014	24.aug.14	2700
755349	2014	25.aug.14	1600
755392	2014	25.aug.14	4000
755345	2014	26.aug.14	2100
755368	2014	26.aug.14	3000
755534	2014	26.aug.14	4500
755530	2014	27.aug.14	2500
755396	2014	27.aug.14	5400
755478	2014	29.aug.14	2700
755439	2014	30.aug.14	1300
755355	2014	30.aug.14	2500
755531	2014	30.aug.14	2700
755401	2014	30.aug.14	7000
755446	2014	31.aug.14	2200
755443	2014	31.aug.14	2300
755464	2014	21.sep.14	2000
981524	2015	02.jun.15	8000
981763	2015	03.jun.15	8200
981770	2015	03.jun.15	8800
981451	2015	04.jun.15	3500
981519	2015	06.jun.15	8100
981767	2015	08.jun.15	8100
981773	2015	12.jun.15	9000
981780	2015	13.jun.15	7500
981786	2015	14.jun.15	6500
981777	2015	14.jun.15	11800
981514	2015	16.jun.15	6350
981769	2015	17.jun.15	8200
981787	2015	19.jun.15	8000
981867	2015	21.jun.15	4700
981776	2015	21.jun.15	11200
981492	2015	22.jun.15	6000
981598	2015	23.jun.15	3600
981523	2015	24.jun.15	8600
981877	2015	25.jun.15	5800
981764	2015	26.jun.15	8300
981774	2015	26.jun.15	11100
981711	2015	27.jun.15	4700
981478	2015	28.jun.15	4800
981721	2015	28.jun.15	4900
981508	2015	28.jun.15	5000
981724	2015	28.jun.15	5700
981522	2015	28.jun.15	7200
981525	2015	28.jun.15	7300
981762	2015	28.jun.15	7800
981722	2015	29.jun.15	3860
981466	2015	29.jun.15	4300
981477	2015	29.jun.15	4600
981488	2015	29.jun.15	5200
981768	2015	29.jun.15	7800
981457	2015	30.jun.15	3600
981498	2015	30.jun.15	5800
981528	2015	30.jun.15	7200
981527	2015	30.jun.15	8000
981880	2015	01.jul.15	7100
981757	2015	01.jul.15	7400
981454	2015	02.jul.15	3600
981866	2015	02.jul.15	5600
981521	2015	02.jul.15	8100
981526	2015	02.jul.15	8100
981749	2015	03.jul.15	6600
981714	2015	04.jul.15	4400
981491	2015	04.jul.15	4600
981461	2015	04.jul.15	5000
981759	2015	05.jul.15	7500
981597	2015	06.jul.15	2800
981476	2015	06.jul.15	4700
981865	2015	06.jul.15	5000
981490	2015	06.jul.15	5300
981704	2015	07.jul.15	4000
981593	2015	07.jul.15	5800
981792	2015	07.jul.15	7400
981595	2015	08.jul.15	3200
981778	2015	08.jul.15	4100
981486	2015	08.jul.15	4900
981873	2015	08.jul.15	5100
981864	2015	08.jul.15	5400
981510	2015	08.jul.15	6800
981798	2015	08.jul.15	7000
981799	2015	08.jul.15	7200
981516	2015	08.jul.15	7500
981758	2015	08.jul.15	7500
981772	2015	08.jul.15	9500
981530	2015	08.jul.15	9800
981449	2015	09.jul.15	2700
981612	2015	09.jul.15	3700
981781	2015	09.jul.15	4000
981475	2015	10.jul.15	4300
981497	2015	10.jul.15	5700
981751	2015	10.jul.15	6700
981520	2015	10.jul.15	6800
981802	2015	10.jul.15	7000
981442	2015	11.jul.15	3000
981712	2015	11.jul.15	5600
981752	2015	11.jul.15	5700
981507	2015	11.jul.15	6500
981875	2015	11.jul.15	6500
981529	2015	11.jul.15	10000
981568	2015	12.jul.15	2400
981446	2015	12.jul.15	3000
981481	2015	12.jul.15	5100
981726	2015	12.jul.15	5300
981863	2015	12.jul.15	5400
981505	2015	12.jul.15	5500
981727	2015	12.jul.15	5600
981501	2015	12.jul.15	6200
981513	2015	12.jul.15	7500
981601	2015	13.jul.15	3100
981471	2015	13.jul.15	4500
981458	2015	14.jul.15	3800
981512	2015	14.jul.15	7300
981720	2015	15.jul.15	5200
981872	2015	15.jul.15	5300
981765	2015	15.jul.15	7800
981771	2015	15.jul.15	9200
981548	2015	16.jul.15	1000
981549	2015	16.jul.15	1000
981413	2015	16.jul.15	1200
981448	2015	16.jul.15	2300
981441	2015	16.jul.15	2400
981468	2015	16.jul.15	3700
981462	2015	16.jul.15	4000
981465	2015	16.jul.15	4600
981480	2015	16.jul.15	4600
981479	2015	16.jul.15	5000
981862	2015	16.jul.15	5300
981500	2015	16.jul.15	5700
981879	2015	17.jul.15	6000
981578	2015	18.jul.15	2500
981504	2015	18.jul.15	4700
981499	2015	18.jul.15	4800
981592	2015	19.jul.15	2600
981719	2015	19.jul.15	4500
981755	2015	19.jul.15	7600
981452	2015	20.jul.15	2700
981493	2015	20.jul.15	4600
981445	2015	21.jul.15	2600
981709	2015	21.jul.15	3200
981554	2015	22.jul.15	1300
981419	2015	22.jul.15	1400
981429	2015	22.jul.15	1500
981506	2015	22.jul.15	5300
981861	2015	22.jul.15	5700
981518	2015	22.jul.15	6600
981756	2015	22.jul.15	6600
981710	2015	23.jul.15	4000
981754	2015	23.jul.15	6600
981415	2015	24.jul.15	1200
981561	2015	25.jul.15	1700
981750	2015	25.jul.15	7000
981421	2015	26.jul.15	1500
981575	2015	26.jul.15	2300
981796	2015	26.jul.15	2700
981470	2015	26.jul.15	4300
981495	2015	26.jul.15	4400
981860	2015	26.jul.15	5300
981563	2015	27.jul.15	1700
981804	2015	27.jul.15	2600
981589	2015	27.jul.15	2900
981718	2015	27.jul.15	4100
981494	2015	27.jul.15	4800
981859	2015	27.jul.15	5300
981509	2015	27.jul.15	7000
981574	2015	28.jul.15	1800
981434	2015	28.jul.15	2000
981573	2015	28.jul.15	2100
981469	2015	28.jul.15	5000
981858	2015	28.jul.15	5400
981517	2015	28.jul.15	6300
981414	2015	29.jul.15	1200
981560	2015	29.jul.15	2200
981789	2015	29.jul.15	2600
981596	2015	29.jul.15	3000
981453	2015	29.jul.15	3900
981871	2015	29.jul.15	5500
981420	2015	30.jul.15	1400
981788	2015	30.jul.15	1500
981438	2015	30.jul.15	2300
981437	2015	30.jul.15	2600
981783	2015	31.jul.15	4000
981870	2015	31.jul.15	5300
981511	2015	31.jul.15	5800
981447	2015	01.aug.15	2300
981444	2015	01.aug.15	2600
981703	2015	01.aug.15	3000
981602	2015	01.aug.15	3200
981856	2015	01.aug.15	5200
981878	2015	01.aug.15	5200
981761	2015	01.aug.15	7500
981455	2015	02.aug.15	3300
981708	2015	02.aug.15	3500
981753	2015	02.aug.15	5350
981515	2015	02.aug.15	6500
981418	2015	03.aug.15	1400
981551	2015	03.aug.15	1600
981440	2015	03.aug.15	2600
981531	2015	03.aug.15	3000
981547	2015	03.aug.15	3400
981716	2015	03.aug.15	3700
981460	2015	03.aug.15	4000
981611	2015	03.aug.15	4300
981485	2015	03.aug.15	4900
981748	2015	03.aug.15	5000
981496	2015	03.aug.15	5400
981556	2015	04.aug.15	1800
981559	2015	04.aug.15	1900
981607	2015	04.aug.15	3800
981483	2015	04.aug.15	4500
981857	2015	04.aug.15	5800
981433	2015	05.aug.15	2200
981713	2015	05.aug.15	2200
981436	2015	05.aug.15	2400
981582	2015	05.aug.15	2600
981603	2015	05.aug.15	3600
981868	2015	05.aug.15	4600
981801	2015	05.aug.15	6000
981564	2015	06.aug.15	1600
981571	2015	06.aug.15	2000
981572	2015	06.aug.15	2000
981443	2015	06.aug.15	3000
981459	2015	06.aug.15	4000
981723	2015	06.aug.15	4300
981428	2015	07.aug.15	2000
981432	2015	08.aug.15	1900
981567	2015	08.aug.15	2000
981577	2015	08.aug.15	2200
981588	2015	08.aug.15	2500
981435	2015	09.aug.15	2300
981576	2015	09.aug.15	2500
981503	2015	09.aug.15	5400
981502	2015	09.aug.15	5500
981431	2015	10.aug.15	2000
981795	2015	10.aug.15	2500
981775	2015	10.aug.15	9000
981553	2015	11.aug.15	1600
981587	2015	11.aug.15	2500
981806	2015	11.aug.15	5300
981558	2015	12.aug.15	1500
981581	2015	12.aug.15	2100
981594	2015	12.aug.15	3000
981805	2015	12.aug.15	3505
981803	2015	13.aug.15	1530
981557	2015	14.aug.15	2300
981584	2015	14.aug.15	2700
981760	2015	14.aug.15	7100
981417	2015	15.aug.15	1200
981423	2015	15.aug.15	1500
981427	2015	15.aug.15	1800
981586	2015	16.aug.15	2400
981464	2015	16.aug.15	3900
981570	2015	17.aug.15	2000
981600	2015	17.aug.15	2800
981869	2015	17.aug.15	5500
981790	2015	17.aug.15	6500
981422	2015	18.aug.15	1200
981706	2015	18.aug.15	3600
981562	2015	19.aug.15	1500
981566	2015	19.aug.15	1700
981590	2015	20.aug.15	2500
981426	2015	21.aug.15	1800
981715	2015	21.aug.15	3201
981550	2015	22.aug.15	1500
981555	2015	22.aug.15	1700
981583	2015	22.aug.15	2100
981605	2015	22.aug.15	2100
981580	2015	22.aug.15	2200
981473	2015	22.aug.15	4300
981579	2015	22.aug.15	6000
981552	2015	23.aug.15	1600
981599	2015	23.aug.15	3500
981785	2015	23.aug.15	4600
981416	2015	24.aug.15	900
981606	2015	24.aug.15	2700
981604	2015	24.aug.15	3200
981707	2015	24.aug.15	3900
981610	2015	25.aug.15	3500
981791	2015	25.aug.15	4100
981439	2015	26.aug.15	2200
981482	2015	26.aug.15	5500
981565	2015	28.aug.15	1800
981541	2015	29.aug.15	1300
981430	2015	29.aug.15	2400
981489	2015	29.aug.15	5100
981424	2015	30.aug.15	1400
981585	2015	30.aug.15	2500
981608	2015	30.aug.15	4200
981725	2015	28.sep.15	6000
4739274	2016	01.jun.16	6440
4739233	2016	03.jun.16	4000
4739418	2016	03.jun.16	9300
4739409	2016	04.jun.16	8500
4739339	2016	05.jun.16	5000
4739273	2016	05.jun.16	6400
4739407	2016	05.jun.16	8500
4739358	2016	06.jun.16	5500
4739363	2016	06.jun.16	5700
4739405	2016	06.jun.16	8000
4739411	2016	06.jun.16	9700
4739267	2016	07.jun.16	5500
4739434	2016	08.jun.16	7900
4739235	2016	09.jun.16	4500
4739374	2016	09.jun.16	6300
4739381	2016	09.jun.16	6500
4739410	2016	09.jun.16	8500
4739380	2016	11.jun.16	6100
4739388	2016	11.jun.16	6500
4739259	2016	12.jun.16	4600
4739382	2016	12.jun.16	5900
4739390	2016	13.jun.16	7300
4739254	2016	14.jun.16	4700
4739276	2016	14.jun.16	5900
4739371	2016	15.jun.16	4800
4739283	2016	15.jun.16	6700
4739246	2016	16.jun.16	5000
4739285	2016	16.jun.16	7600
4739297	2016	16.jun.16	10200
4739298	2016	16.jun.16	12000
4739340	2016	17.jun.16	4200
4739389	2016	17.jun.16	7000
4739397	2016	17.jun.16	7300
4739395	2016	17.jun.16	7500
4739398	2016	17.jun.16	8300
4739412	2016	17.jun.16	8500
4739265	2016	18.jun.16	6000
4739282	2016	18.jun.16	6600
4739419	2016	18.jun.16	12300
4739364	2016	19.jun.16	5500
4739391	2016	19.jun.16	7100
4739263	2016	20.jun.16	5500
4739359	2016	21.jun.16	5400
4739401	2016	21.jun.16	5600
4739399	2016	21.jun.16	5800
4739400	2016	21.jun.16	6500
4739404	2016	21.jun.16	7900
4739417	2016	21.jun.16	10000
4739258	2016	22.jun.16	5400
4739351	2016	23.jun.16	4800
4739375	2016	24.jun.16	5300
4739271	2016	24.jun.16	6100
4739294	2016	24.jun.16	9600
4739421	2016	24.jun.16	17500
4739333	2016	25.jun.16	3500
4739280	2016	25.jun.16	5500
4739393	2016	25.jun.16	7200
4739268	2016	26.jun.16	6100
4739342	2016	27.jun.16	4500
4739385	2016	27.jun.16	6800
4739406	2016	27.jun.16	8800
4739326	2016	28.jun.16	3200
4739355	2016	28.jun.16	5800
4739295	2016	28.jun.16	9400
4739325	2016	30.jun.16	3100
4739239	2016	30.jun.16	5200
4739250	2016	30.jun.16	5400
4739287	2016	30.jun.16	7500
4739334	2016	01.jul.16	3600
4739341	2016	02.jul.16	4300
4739377	2016	02.jul.16	5400
4739361	2016	02.jul.16	5800
4739278	2016	02.jul.16	6300
4739289	2016	02.jul.16	8500
4739320	2016	03.jul.16	3000
4739229	2016	03.jul.16	3600
4739238	2016	03.jul.16	4500
4739349	2016	03.jul.16	4800
4739347	2016	03.jul.16	4800
4739360	2016	03.jul.16	5700
4739376	2016	03.jul.16	5900
4739236	2016	04.jul.16	4700
4739243	2016	04.jul.16	5000
4739366	2016	04.jul.16	5400
4739247	2016	04.jul.16	5500
4739281	2016	04.jul.16	5500
4739264	2016	04.jul.16	7200
4739396	2016	05.jul.16	6500
4739255	2016	06.jul.16	5200
4739365	2016	06.jul.16	5200
4739383	2016	06.jul.16	6100
4739384	2016	07.jul.16	6300
4739237	2016	08.jul.16	3300
4739378	2016	08.jul.16	5300
4739337	2016	09.jul.16	3500
4739352	2016	09.jul.16	5500
4739353	2016	09.jul.16	6000
4739394	2016	09.jul.16	7500
4739220	2016	10.jul.16	1900
4739350	2016	11.jul.16	5100
4739231	2016	12.jul.16	4000
4739343	2016	12.jul.16	4700
4739262	2016	12.jul.16	6800
4739292	2016	12.jul.16	9000
4739306	2016	16.jul.16	1000
4739225	2016	16.jul.16	2300
4739330	2016	16.jul.16	3200
4739228	2016	16.jul.16	4100
4739260	2016	16.jul.16	4700
4739252	2016	17.jul.16	4700
4739413	2016	17.jul.16	8400
4739328	2016	18.jul.16	3200
4739251	2016	18.jul.16	4500
4739329	2016	19.jul.16	3200
4739370	2016	19.jul.16	5200
4739379	2016	19.jul.16	5600
4739373	2016	19.jul.16	6200
4739226	2016	20.jul.16	2530
4739269	2016	20.jul.16	5350
4739288	2016	20.jul.16	7700
4739241	2016	22.jul.16	3600
4739387	2016	22.jul.16	7100
4739369	2016	23.jul.16	5700
4739266	2016	23.jul.16	6050
4739293	2016	23.jul.16	9000
4739402	2016	24.jul.16	9300
4739386	2016	25.jul.16	7000
4739307	2016	26.jul.16	1500
4739357	2016	27.jul.16	5000
4739345	2016	27.jul.16	5400
4739362	2016	27.jul.16	5600
4739420	2016	27.jul.16	13800
4739221	2016	28.jul.16	2500
4739403	2016	28.jul.16	7400
4739392	2016	28.jul.16	8100
4739261	2016	29.jul.16	4800
4739322	2016	30.jul.16	2400
4739317	2016	30.jul.16	2700
4739279	2016	30.jul.16	7000
4739291	2016	30.jul.16	8300
4739323	2016	01.aug.16	2200
4739218	2016	01.aug.16	2400
4739242	2016	02.aug.16	4400
4739222	2016	03.aug.16	2500
4739249	2016	03.aug.16	4500
4739272	2016	03.aug.16	5400
4739368	2016	04.aug.16	4700
4739300	2016	05.aug.16	1400
4739234	2016	05.aug.16	3300
4739318	2016	06.aug.16	2300
4739356	2016	06.aug.16	4900
4739230	2016	07.aug.16	3200
4739332	2016	08.aug.16	2700
4739253	2016	08.aug.16	5000
4739296	2016	08.aug.16	11500
4739213	2016	09.aug.16	1060
4739214	2016	09.aug.16	1300
4739256	2016	09.aug.16	5200
4739257	2016	09.aug.16	5500
4739290	2016	09.aug.16	8900
4739433	2016	10.aug.16	2000
4739348	2016	10.aug.16	3900
4739275	2016	11.aug.16	7400
4739327	2016	12.aug.16	3300
4739312	2016	13.aug.16	2200
4739331	2016	13.aug.16	3600
4739314	2016	14.aug.16	2000
4739315	2016	14.aug.16	2300
4739224	2016	14.aug.16	3200
4739284	2016	14.aug.16	6100
4739319	2016	15.aug.16	2700
4739215	2016	16.aug.16	1800
4739313	2016	18.aug.16	2500
4739232	2016	18.aug.16	2500
4739324	2016	18.aug.16	4100
4739311	2016	19.aug.16	1600
4739309	2016	20.aug.16	1800
4739408	2016	20.aug.16	7400
4739308	2016	21.aug.16	1000
4739305	2016	21.aug.16	1200
4739216	2016	21.aug.16	1500
4739299	2016	21.aug.16	14500
4739354	2016	22.aug.16	4400
4739223	2016	23.aug.16	2800
4739321	2016	26.aug.16	3100
4739372	2016	26.aug.16	6500
4739344	2016	28.aug.16	4700
4739422	2016	29.aug.16	4700
1005097	1926	17.jun.26	19000
405995	1974	12-May-74	4000
1000453	2009	18-May-09	1100
1000672	1943	25-May-43	16300
1000673	1945	25-May-45	22700
1000001	1945	25-May-45	22700
1000454	1940	27-May-40	17500
981569	1943	27-May-43	17200
1001871	2015	28-May-15	1900
1000674	1967	28-May-67	12000
1000307	1945	29-May-45	20000
1000455	1942	30-May-42	18100
1000457	1943	30-May-43	20400
1000456	1943	31-May-43	14500
1000567	1943	31-May-43	18100
1000675	1944	31-May-44	11800
1000676	1945	31-May-45	11800
1000755	1945	31-May-45	11800
306032	1946	31-May-46	27700
306031	1989		1100
306029	1989		1200
316144	1987		1500
306293	2005		1700
324650	2004		1800
933602	2006		2000
934490	2011		2000
306092	2012		2000
301936	2001		2000
363300	2002		2000
316140	2008		2200
306093	2005		2360
301937	1925		2480
934491	2001		2500
306044	2002		2500
302078	2012		2500
933160	1990		2500
324669	2001		2500
306033	2010		2700
405761	2006		2700
363684	1989		2800
933222	2009		3400
981705	2008		3500
363462	2010		3500
934211	2015		3900
933971	2008		3900
306094	2013		4000
338206	2011		4000
306088	1925		4050
933220	2001		4100
363858	2007		4100
933825	1999		4100
4739240	2010		4100
933309	2008		4200
933643	2011		4200
981717	2016		4400
306346	2010		4500
324754	2011		4500
934556	2015		4500
363683	1925		4500
981797	1925		4700
363685	1925		4850
933978	2004		4900
363418	1925		4950
933919	1925		4950
405970	1925		5000
933483	1925		5000
981874	1925		5000
306187	2006		5000
338081	1926		5020
306137	2012		5200
405971	2008		5200
406010	2015		5500
933935	1925		5500
406030	1926		5500
933738	2008		5600
981766	2011		5700
306191	1925		5700
934249	2008		5700
338096	2011		5800
934016	2009		6000
4739415	2010		6000
4739416	2015		6000
405979	1925		6000
	1926		6000
	2004		6000
	2007		6100
	2004		6300
	1925		6300
	1925		6350
	1925		6350
	1925		6350
	1925		6530
	1925		6530
	1925		6530
	1925		6700
	2009		6700
	1925		6750
	2009		6900
	2011		7000
	1925		7000
	1925		7000
	1925		7000
	1926		7000
	2009		7000
	1925		7200
	2011		7300
	1925		7430
	2015		7500
	2004		7600
	1925		7650
	1925		7650
	1925		7650
	1925		8000
	1926		8000
	2013		8000
	1926		8500
	1926		8500
	2007		8500
	2011		8500
	1925		8550
	1925		8780
	1925		9000
	2016		9300
	1925		9450
	1926		9500
	1926		9500
	1926		10000
	1926		10000
	1926		10000
	1926		10000
	1926		10000
	2016		10200
	1925		10800
	1926		11000
	1925		11030
	1925		11250
	1925		11740
	1925		12000
	1926		12000
	1926		12000
	1926		12000
	1925		12120
	1925		12150
	1925		12380
	1925		12380
	1925		13500
	1925		13500
	1925		13500
	1925		13730
	1925		13950
	1925		14850
	2009		15200
	1925		15300
	1925		15650
	1925		15750
	1925		15750
	1925		17500
	1925		17550
	1925		18000
	1925		18230
	1925		19350
	1925		19350
	1925		19500
	1925		20000
	1925		21150
	1925		21600
	1925		25650
